PCA_1,PCA_2
0.5061929666928886,-0.8686969151256383
-0.4497628008241276,2.0970103719262285
-0.0887807540813046,1.7557183600899706
-0.5946306184457137,-1.6722664106315273
-1.317051682732448,-0.8803389224132174
-0.7431081496455635,1.5408773588111342
0.1197830177032116,1.7822919895244984
-1.174390760254228,-1.3131654077960029
-0.6122635030948863,0.1200883656723501
0.1351636070215941,-1.7605582745063777
-1.2499404846921676,0.20303875963867477
2.5057342166991003,0.16819069419316254
-1.1904142101134854,0.5737350958837458
0.6666340636364604,2.174793846223703
3.501728584232715,1.1692013174523461
-1.6396824424881251,-0.13972231787587244
-0.3501745147144345,0.09774569276505947
-1.4037687814114521,0.06422816912899304
0.06132456703886626,0.5894280637256704
2.290444566339264,-0.8641548926909421
0.09172225664380788,0.43414017244001896
-1.2045512711276871,0.27039001616891895
-0.5125686398806247,2.2187851186903704
2.311552041428792,-1.0098400501712987
-1.0590400735790795,-1.1900780656977683
0.47332471541458654,1.0325493545102733
-0.3657034397700677,-0.4642508043864132
-0.4461212431200318,-1.1008154875139373
-1.9790481548135215,-1.6539518541833274
2.5426693218848095,-1.0181202565038006
2.110729734400879,-0.7716236258688772
-1.5902326928016381,0.26688848105651164
-1.3332854186030918,-0.27902178273723865
-0.3213735095009639,-1.3048642173855074
3.129401651619215,-1.1662878176924094
-2.0151675429317097,-1.317758240479689
-0.1017926052769794,-1.2863014508180646
-1.7182788559385938,-0.35411439466830213
2.8555795352811058,-0.7502043109479787
3.5762082988304615,-0.9703733395180012
-1.437847896934296,0.233153585624046
-0.10660287273397463,2.0617344922901375
-0.37321693176085086,1.074482420619608
-0.19634283061588728,1.6123703962323723
-0.3410066091940073,0.6867828273030909
0.45529691771758984,0.1878169288591087
-0.8891469263449449,0.8843719067805922
-1.3429404860376755,-0.45470906411371964
0.13730762584122858,1.107073138170454
3.3334270004536624,0.5890541935818674
-1.1784214889215523,0.8830465500987551
-1.4105438374466814,-0.6652318656608228
1.5782123992457653,-1.26372687568283
3.2016094536589845,0.6458684668459092
-1.0433906816790512,-1.2839431814188367
3.3352596117592728,-2.3086464678990577
-0.012593872305674637,-0.01419527383897918
2.703472130916779,0.464914332375612
2.013045058083946,0.00219650897569594
-0.9130819550837997,-0.5458202006369627
-0.46288722139105976,-0.21187923879388781
-0.05807271410083316,1.7280734393941366
0.4668322856212029,-1.9787930818209023
-1.6563381151874275,-1.139365054401419
0.028271903777623564,-2.185794002769556
-1.7070294501087682,0.2405057219527673
0.16756152505987806,0.2357592324638119
-1.1231031379918086,-1.2369664444830202
-0.02375288872869836,2.1353115577038526
1.6660649593352517,0.15564646940431748
1.2824644565504488,0.5039560918640487
-0.6070249461895898,-0.20421713688569915
-0.5326909008500655,-0.48171816339591245
0.6514949702624895,1.5346497424059657
-0.7605701299528702,-0.3102628696074577
-0.294106544653073,-0.842256084562871
-0.5485451852642409,1.7157981967392513
-0.3810622124980393,2.2877577240999387
-0.9017955366375814,1.1251845623451326
-1.0561153745309966,-0.712706898229389
-0.9880727796860277,0.08863652980149807
-0.32867610350167575,0.7827016855740887
3.1375713693346476,0.862986695766154
-0.15802862819948488,-0.649848851654834
2.424659214389734,-1.1699323640251924
1.0837387535208778,-2.614190072736583
2.554214975036784,-2.4237123356301264
-0.6982775306588048,-0.28185207377386284
-1.1298461897048577,-1.1180962144062399
-0.8572583048040112,-1.2844733340143974
-0.3860457131823614,2.545549193244947
-0.9470959058608573,-1.502240847583294
2.502118077523495,-1.318562458200711
-0.8181880421587425,-0.72194404967881
3.0959348298891545,-1.7141691608295682
-0.21937593287861182,2.257059322763271
-0.3781476159399427,-0.3163434654320655
0.7428211111505993,2.0907616252218286
1.4620007447627517,-1.5304085551332838
0.5730362181361086,-1.5325231407015887
-1.0030850676848395,0.198613130399801
-1.1552585597332452,0.1043577967015166
-0.3873656579579356,0.11981732236352696
2.9564468142199147,0.08610651914386831
-1.312109753045453,-0.09513047439204173
0.6819186857539249,-1.9675556887770396
-1.6517432570951986,0.10747996855734537
-1.231232288070647,-0.88885490426662
-0.5187857638423646,1.7108226104167825
4.1570486579978185,0.3383745461788364
-0.3410348449528273,-0.9265463720424941
-0.4687297288232788,-0.30266734911699583
-0.9776898670260689,0.19510618044113218
-1.4729020223750777,-0.32704155164591403
0.04781043072681745,-0.003522710578447744
0.8917954866066993,-0.41700187492786756
1.3282684361334998,2.7629940825521
1.6369830553895783,0.5631697239776601
-0.13616610736857926,1.429830562502024
-1.4450926957915378,-1.50244790319067
-0.33150797338607707,0.33170633229477275
-1.523543861353329,0.10142144867991794
-1.794369622391108,-0.7647456639825737
2.749831139648549,-1.1503398591207812
-0.5919293442268303,-1.0215610290299362
-1.2916966967101786,0.3591094223337573
0.5344603681331546,-0.8462967675115902
-0.3882804317262979,0.44675946462282273
1.0760583091122173,-3.114515337226632
-0.6210788399557766,0.24227142853900344
-0.36578851134754115,-0.1804344927857147
-0.488335688454277,-0.5043950390749665
-0.2650746461381105,0.13443905122489894
-1.7882511652834978,-0.9782425697829423
-1.435838309881219,0.4133868954499209
-0.8685954668049753,1.7795864583299368
-1.296869727346938,0.5889449630577013
-1.7357160309698865,-1.0294802427950718
1.2997666049041103,1.0610541248897796
-1.323629889906537,0.6843123407167908
0.14715205028349332,-0.7896919042532117
-0.8702628268918888,0.508671430054329
1.8435393291513962,0.26850165692229344
-0.46258426068821307,-1.2791630962123053
1.131226998525432,-2.2234480067016604
0.014975291818976066,2.127454383502925
2.541325452049703,-2.613051179683282
0.47602138722421017,2.0031268911178652
-0.38820927202359656,-0.6660263253116779
-1.471596236822784,0.11177077152912467
-1.3662322170438659,-1.3261901425917226
0.12259536131389337,1.6141803290772694
-0.532467185823089,0.5532712857103782
1.0548566666380093,-1.1655525807247902
-0.9741339317457696,-0.10713597866817928
-0.49267783959842654,-0.3099221579863957
2.054504815971485,0.2571504941977205
0.7249079250250751,-0.8195428754834523
3.1133867808056794,0.7701493257923142
0.6479861134424559,0.9725677145558894
0.9161803104749968,-2.1753786026441153
2.7338756762154612,0.9500145521575353
0.03644607203945532,0.4702215015302896
-1.1882899086550822,-0.021952045995223712
-1.1424090342156428,-0.8833243878584836
-0.21957321063710478,-0.3037372036839884
-0.938975459592654,0.26835423793935304
-1.0758933245648534,-0.9015036720676141
-1.6136531471859332,-0.6675043326575568
-1.2910691877768024,-0.5998218987570687
1.1808326605332142,2.1891791879034908
-0.6242575921206058,0.019848118668002238
-1.8681205829672791,-0.4141393846003267
-0.9610022238431815,0.37734417016809413
-1.506430504671471,-0.5111533945848284
3.3546579734848727,-1.1411794272164737
-1.0381484817034492,-1.2137296858278521
-0.4235793329393741,-0.21807537473601923
-0.8103214244709493,-0.2395347609487843
-0.44856704438807266,0.19077129788036476
-0.4970613476862893,-1.2145116959220317
-0.5078208339211634,2.4911367140640874
-1.3676905439000746,-0.48437969908743944
-1.25272226941627,-1.1818641194054165
0.19164559622196475,1.5289013335088912
3.4081967530097046,-0.66826836391178
-0.5335249259315932,1.6667332356949307
-1.116095491109146,-0.02875268659626688
-0.8991423414523554,0.13838800814793106
-1.2797717918466325,-0.8404398602154703
0.6665153194367426,1.5629898725093452
-1.3902419578424285,-0.10268670949961735
-0.7180109493656861,1.6036471248448847
-0.7608233000965827,-1.4231550600032963
-0.4979716799149507,2.240625308033436
-1.565536942776921,-0.6450142263213211
-1.0104150520522497,0.3008861803821908
-0.04910768674914182,1.3742320180505072
-1.3919881241842473,-1.8224911522554688
0.39161477085346175,0.5961638958737492
-1.6784494807831993,-0.5487077935311019
0.13176116646714855,1.6773964203145781
-0.8046849139951737,-1.5487702730884676
2.894037117176286,0.8261082818181233
-1.076919201556356,-0.4721786299961553
-1.159135683003632,0.24624930379019863
0.3628754987578034,1.2492830723730315
1.491014082319028,-1.0378901726388592
-0.23373797858374018,-0.076519478817238
-0.09642915796218773,0.9408511453343386
-1.2453724834776871,0.4076537028007194
-0.689191294126898,-1.2349784094602643
-1.3857877985780325,-1.0273853954465813
-0.5394808676604305,1.475333217412652
-0.7540597577478558,-0.09497261407270076
-0.6049968035459324,0.3627471712753999
-0.9446577571919869,-1.2828470726948404
-0.7845577833364344,1.4099928210724777
-0.6109277249537598,1.7666677931160113
0.18838272528425343,0.9701033787088149
-1.037863838538843,0.3152003556897962
-0.2835712744844836,0.3479730476666499
-0.8865068773433048,-0.05141340849584104
1.9848511766402017,-0.7903355570253393
1.8779141635780026,0.3422346042631628
0.7804033753414419,1.499755428384381
-0.09716909834079777,2.3904049356135517
1.5004100608505595,2.0279928954849633
-0.670607124698543,0.29004317696052634
-0.4962413077888113,-0.28620057866045095
-0.8050889709581921,-0.610509493975497
0.47819036873647813,1.0398294176246288
-2.198018103499634,-0.4941188286776195
-0.31775362763937787,-0.3992749875096767
-1.155564402607676,-1.4450031543819193
1.6204179100601708,0.02568807235793591
-1.0187144327197675,1.7267300870567936
0.15139460068870345,2.1825063050915996
0.6556134949284527,-1.8005446740219158
0.44024156976652584,2.116600119591769
2.438372391317183,-0.735791149238573
-1.3237354285568743,-0.25063401993273343
0.6160987109599001,-0.8917236744944386
-0.45745348872334896,0.1594722259728835
2.0934281443354728,-1.1975628913288405
0.1919768711053604,-1.3621465842853473
0.735782984433879,2.0025209012361427
-0.29493985628791985,2.282669251382212
-1.8033453269517474,-0.38459716808600164
-0.9487630674771353,0.24701091532101122
0.3224923721781768,-1.4609749001674912
3.120786801725558,-1.6490505717517647
3.9172811504680607,0.21538718418287198
-1.040558718384392,-0.03472176276542143
2.9024968857509252,-1.0982497512640623
-0.32955092235212485,-0.5004543553720174
2.8727087660569923,-2.2673627118494335
0.09172800585945008,2.419967910134889
-0.6206855133337172,-1.7966876542146395
1.667917245020663,-1.9532756134856115
-0.713971481507454,-0.44183272592044853
1.3381265886026137,0.5848761981888929
1.8618488389212693,-1.53193947419296
2.0237331606500035,-1.6713137553938102
1.1852830050212628,1.6175753877204957
4.29919766212346,0.6739163224723241
1.552144352596814,-0.005607460314181245
0.12695350450023915,-0.09042387647120931
-0.6822787849096439,-0.037074928043919576
-0.49060793715160156,-0.1862116865806048
-0.6443889336997902,1.8058078473520172
2.971613198303307,-1.3541662099114267
-0.5404700851240054,-0.6379301389893982
-0.3855121148563355,-0.09208468522163846
-1.5580459355024532,-0.8996458729723208
-0.6259624663616239,-0.2150434548107311
-1.851957634604109,-1.5050527008516001
-1.8411584705077197,-0.09002164508280668
0.7560981095748187,1.4061370501342754
-0.23922965109383496,0.9329576133076537
1.4067978051871846,-0.976351106255386
3.8906208127777107,-0.9610409413616339
-0.9812061924535068,0.1490317656883098
-0.17339703991557684,0.16467697486938837
-0.6625263462329075,0.036428634540985154
-0.0017404679816432793,1.3352188794062576
0.2911562314422087,1.2182299129710796
-0.5939679428893169,-1.4474762195300357
3.4681500465076667,-1.0469535782855834
1.1602632959716417,0.7303423917612804
-1.290131345251605,0.45628005255572684
-0.04161386443093296,-0.0470527066420528
3.8472849338006663,1.1792262500478086
-0.8345358935517351,1.830546900130423
-1.245603806199221,-0.24742734555793103
-1.5571611024863972,0.05112283079891828
0.6722062862451714,-0.8756061859608792
2.1689374624589126,0.22513376442984065
2.371686637780081,-2.2266745124210927
-0.9365171936783453,-1.167397719957834
-0.6646447227367713,-0.11980512939675429
1.5956086830613656,-1.6451686188475236
0.719260941921073,1.8220434059800839
-0.3463305733758863,1.851362114539273
-0.02954880968291806,0.21931073513757915
-0.23373490601111233,-1.0668857389139295
-0.5402169917696171,-0.4638014316499159
-0.3567259253134332,1.9533637742863743
0.1472165144546799,0.39115911549895893
-0.8971076213450285,-0.9062886858364247
-0.7542612916967317,-0.23778429318028402
-1.8928089405809876,-0.037460324231703264
3.752809157899487,0.35280590796986105
0.42836752533326156,2.009246351507862
1.7566200616869176,-1.0573975788713923
-0.13817425978171452,0.36544156127116734
-0.6197427795899811,-0.8684909799470565
-0.08932141745654051,0.30750945416520614
-1.1980942525750342,-1.1001288653487926
-0.49872145331174084,0.7700058579945681
-1.3440114368210108,-1.2400853991049696
0.07903785596496606,-0.37818659008180716
2.081620557102769,-1.157383323361369
0.37958640347933065,0.8074260175039936
-1.3582067993733513,0.040423506769576574
-0.41159079358470313,0.4693016026999688
-0.8824363512647915,1.3130475237939734
2.8546688897662116,-2.1657570506083252
3.1952032898686467,-1.474233680820702
-0.2390966598659189,0.40472259323052395
3.5162501296894555,-1.0966898847573074
1.4775370700076298,-2.252601893965716
-0.4518644176506133,-1.091518838405718
-0.3746409080680227,0.012095237728402056
0.22383305481396584,0.21577794804466735
0.10458839553929673,0.0917455254697859
0.37097683265444953,1.1914446354001402
-0.3159740261220103,-1.4405191854062465
3.013467223983407,-1.171584133393463
-0.13323095503514384,1.4037287075780294
-0.7556523719630223,-0.23308520663625865
-0.2841207914617052,-1.1771141198719175
-0.282269550961577,-0.12543195148609995
0.41955392089757654,0.44541512044335657
0.8059800205659788,1.9765005376838765
-0.27276524321259277,1.442905554200661
0.08921104944655378,1.9871714053408693
-0.2574335942607411,0.3479195519195754
-0.34160315147803294,1.665001364733585
-1.6873994418842937,-0.827346716139944
-0.9532992510717117,-1.5633021923388928
-0.9786415239863421,-0.308257488100747
-1.4898501666306712,0.05926733143118674
-0.20263656220751886,0.5523628932131541
0.16799369500998293,2.230834723553683
0.10078513309053841,-0.48472852610064476
0.9169727015996505,2.278319673517861
-0.5924749950446576,-1.2876252971685294
-0.0515343292260877,2.6921889930235388
-1.2814597121019062,1.3336066788816134
-0.34090118676421566,0.14971871698832784
-0.9710580152447049,0.09705068776053469
0.06804824436877499,-1.2158992031433455
-1.694344118103542,-0.04213700838958132
-1.009744646640662,1.1808699801059557
-0.45224289005907264,0.13643852667411224
0.013047229238918923,-0.05507732683521643
-1.2235404786487827,-1.4523486651413196
-0.6698424977431423,-1.0064901244034266
-0.9971846043724805,0.24173068287542235
-0.8972928626637685,-1.757975525328961
-0.628385179694891,-0.4354682507873976
-0.5726223126973097,0.3790032484032499
2.1722792090803136,-1.1594389178427302
-0.5014898638959172,2.150852583170045
0.514943965547827,-1.8824603422189423
1.3033210206543786,-1.3457443480914122
3.2870070888125067,1.0865096958073523
-0.15072150361164585,-1.5042177320993544
1.503687754773419,1.161469237415369
0.40391609553353863,-1.5088114439132936
2.995684819494399,-1.2279787251277832
1.0802798302036765,1.5213839040783441
0.300840664444095,2.4640313735939516
-0.7399310096798745,-0.46966494295367434
-1.2835997637417798,0.6087996806423062
0.7053469635689609,2.096217536173998
0.3288903152150464,-1.9433389477117724
-1.931772403709515,-1.2402740618521089
-1.4128932272788768,-1.0184388656071917
0.14112686150970735,0.1741968583473196
-1.4431287928517211,-0.19661746836410549
-0.27597636178866897,0.1973581322650633
-0.2468829389368562,0.1784532930566413
-0.40640152206895835,0.17453359194034124
-1.298478046188026,-1.63565357194983
-0.5851594106059489,0.06070577728946299
0.2336041611192535,1.6756876349333143
-0.13428159336940576,-0.6971468777156576
-0.5126864872430553,2.4838566509497326
-1.1657847922907714,-0.6520670591471819
0.9553020273830813,2.706093458490166
-0.2568652464291406,-1.0157942427823656
-0.4169914122693429,-1.1492497633370145
-1.6058549401832327,-0.4296699448282361
0.06340069563841538,0.500797314153974
-0.751769514346907,1.4256231533183115
-1.089591882978904,-0.5027042934993027
-0.33767460148885703,0.8650041220599811
-0.2686835900026166,1.7189193981510134
-2.1454343523223494,-1.5126653847685625
0.9733051870244392,-1.4647427727040856
0.3249118064726865,-1.5418353050336089
-1.219074523004753,-0.6392253970512736
-1.5439805162509261,-0.34751332200710383
0.12157263288930155,1.9640651917531708
0.4525854475276361,1.8540725077691267
0.7226726603664723,-1.529867959044843
1.1948064211998548,1.92164504813475
1.6727844588058125,-2.4308303856982723
4.110289450045211,0.25589584270014704
4.135054863644088,0.4105111952336958
2.7268052245510073,-1.0237105766389216
-1.0566413481770245,0.4922558124544218
-0.507170893271438,-0.17402172339572963
0.17348725103600696,0.7947966872991933
-0.9539756090546769,0.03489731911344363
-1.1872957433131912,0.34886600724090544
-1.8647924737448296,-0.48744701495411114
-0.5905911526104425,-1.318730799735919
-0.16135894605862483,0.06836318103404639
-1.8050411845508259,-1.6263557646060878
-1.0000838141581452,-0.11979047310650758
-0.40530855705437935,-0.11924211550108534
-1.2793696099297795,-0.988898793868998
0.9291840022876784,1.3794051917986967
-1.078831703404017,0.595052550331293
-0.887025556427883,-0.20871025419951927
1.2190025543835739,2.187316175842793
-1.0821345904463286,0.4074115159514111
-1.278823959111953,-0.7228345257304054
2.0644370219694474,-0.999956362937946
-0.11845072080741607,2.808470230953141
1.543133725497716,1.4930688488256447
1.6491269777782382,-2.4433278373152616
-0.8115522893543601,0.25049776305656346
-0.009675117573224104,0.017180050658427835
-0.8802476505350851,-1.3860937749334656
-1.1219382145602765,0.07774546115684902
-0.6127689979054244,0.6331280625448712
-0.6622031141461909,-0.30634490056613767
-1.503621555487104,-1.2743065559140574
-1.6527741366604336,-0.16338748590356353
-1.5806053609856237,-0.7101562431297953
0.5385672073032693,2.71099430788321
0.5854278986764032,0.14684411545770099
0.3574213431025499,1.347877036945605
-0.6297333051659292,-1.079177995234273
0.030361318626829874,0.5431003893615923
0.06735156200295,1.6243860551243114
0.5144884753805877,1.7561123180733287
1.4500088842392962,-0.9790275513138034
0.41465659614221967,0.34385599120250626
-0.3205585420446138,-0.1722337763535666
-1.8050597858500326,-1.0033918787234426
1.6944642439803679,0.5778533180121583
-0.4075255396631637,-0.3383049784297962
-0.36405671031026693,-1.0452527475548816
-0.33599684851611866,-0.4502786430375325
-1.0580873134229962,1.4520740148911893
-0.36124594433187707,2.0433583120213794
-1.4221464871362974,0.5183815704615089
-1.6672195592932926,0.3000698747065828
0.1842282892781078,0.17445635034208598
1.7333069082196,-1.703802877539509
1.9479148457630375,-2.42297728443305
2.0268579872132833,-1.0430657015211315
-1.2008627484636023,-0.3652230579867014
-0.32267437263534177,2.3751184814722013
-0.4651148615868621,2.073383628303348
0.4865301419693315,-0.743304058436632
0.6561579232059672,1.9185781833810296
-0.8143569932003258,2.0324927378597115
-0.2523742861436169,0.4988455912618557
-0.24841192497877104,-0.0026084738272074653
-1.0607277727487336,0.4609226825962958
-0.9042521253100012,-1.935484175952426
-1.535729072239792,0.23156004653481022
3.8829717659344265,0.6134941443820902
-0.4854044910989949,-1.0766991198581444
-1.530096602039988,0.5052352897475013
0.8196595286313205,0.8902308144414423
-1.6448607096428745,0.18515322699988726
0.38310575896189814,0.7245034356570909
0.8863460381585595,-1.4045973467649893
-1.2935106858835057,0.3610917533055757
-1.4896500839562894,-0.42204620840638823
-0.67122580391327,-0.23628307338802512
-0.2853062766858298,1.0805266805614455
0.05520171583335889,0.4278084288843605
2.20045586609217,-0.9045986564815933
-0.7539257904404298,-9.81478223960221e-05
2.147376280299338,0.051182805329679726
2.4699979438954447,0.5762868974700698
-0.3271658339513121,1.57746691504958
-0.8555726203079059,-1.1013928060651006
-1.3851731477415397,-0.7207385299330317
-1.6674209519041547,-1.314823095142037
-1.496678068917166,0.14513100433229684
-0.5957232794871666,-0.19631639514301685
0.02998434118373304,0.13650793650847395
-0.3174550644348547,2.108878880050575
-0.6516063446035335,-0.3382760825651971
-1.4605326118105604,0.34407011284757216
1.3161150586171944,-1.1396713921313333
-0.06937573505448996,0.25737319251250806
1.0550510306403358,1.645976479298035
-0.7052358295920323,-1.1191446734792814
-1.1290884295085228,0.125851080763097
-0.8889850627595861,0.45263883109782543
0.2252110778910425,-0.3387775925016095
0.1014358692268,2.753691294352133
-0.3232925927382907,0.4181997099131402
-0.015316367222162418,2.259806521619074
2.9991664580304347,-0.04075313057157313
-0.16958232586535993,1.9946918918339758
-0.4689669099129544,-1.2812983031094127
-0.8583692907791898,-0.40785317843510793
0.0115043348038054,0.7503084949675709
-1.447905068803925,0.2145933389121665
4.507095378718535,0.7180510854801032
-0.02169339639156105,0.12247418129129631
0.6636506964588809,1.2678158509615265
0.8545523292209783,1.8700736916430964
1.1757914620403855,2.108940362928093
-0.7402113476491933,0.08948673996622244
-0.680887012587792,0.4699964459811831
-0.7528182488485958,-0.15349765141549576
-0.11863399506946944,1.4255688969210951
1.330976822818151,1.287097411138833
-0.6928554288205702,0.39991552622697446
-0.5949504326304792,1.844771781755133
0.7719999341319,1.8427254185570172
5.257153578443925,0.864375557335372
-0.5697152290738013,-1.0529555950859117
1.4228581672343172,-2.4988987358321975
-0.7664427569806697,0.784300243406679
0.24775765611129263,0.8358911239730823
-1.3250336264237437,0.3559311375450185
4.063392532395358,1.221202552490544
-0.0978241703285203,-0.1384110677941422
-0.574889942516113,1.7417625214567625
-0.5520024378002995,-0.7459473448304267
-0.5976857870690878,-1.1300228062075162
0.029902099534446776,0.8934390500299094
-1.3798175622999291,-0.3746492220220155
-0.25323143911910756,0.3542068791547002
-0.10587222052156281,2.074602869581664
2.2820377785241677,-2.2887123892397323
-1.3470248754119767,-0.3180732100948246
-1.319617313274474,-1.8335261625286448
-0.27367059287058915,0.29693132395830174
-1.2639204730474536,0.27831838788755614
0.933547428316133,2.486239344711395
-0.6254918219027524,1.8835840648180366
-1.7498861181909695,-0.6555923565282253
-0.7326095120191375,-0.2755840818718107
-0.8262166347550857,-1.0654683909778937
-0.34661747805467436,-0.3782236442912851
3.2410548195909596,-1.974007781030612
-1.4011730159060503,0.14182606215353133
-0.4742089147960203,2.3256815886138114
0.15372001935707372,2.501354834042905
1.2005841802873614,0.008487283672194333
0.060094121336901916,0.16315319323130859
-0.7402406950832074,-1.313112407420685
-0.7419706330733667,1.7037965670438089
3.66543294538789,-1.0180509530630981
-0.44920973895552063,-0.12539751185699927
-1.5519500040719545,0.016415466848272497
-0.15446239861092803,-0.3452388468213895
-1.565536942776921,-0.6450142263213211
0.6898914926799368,2.5626156124288624
-0.02438618140575082,1.020205219519913
-1.8895947683773529,-0.2978990890546574
-0.49920319573664756,1.5877708680140175
-1.3785622703292728,-0.4566815463599944
2.2173599653920895,-2.447904811018069
0.12517896222421931,0.41355473725327346
-0.24931538080104831,1.6939479248792628
-0.5458852758421124,-0.19033963651545097
-1.2011133483854133,-1.7667875237198616
-0.44399733228941246,1.8053822060407803
0.45544386350061633,-1.1356376779951167
0.3668100272947476,2.3974675812523585
-0.4207719939666219,0.36877805788829576
-0.1046150907435999,1.468224313912336
-0.8042418024030529,0.4744664995764901
-0.5620349709866519,0.045802832174692644
0.862898094137214,-1.2103350906197083
-0.4688956073460327,2.549377218978929
-0.6109329186582362,-0.9191125546608235
-0.7823206334914752,-0.4075986184763615
1.1645993456498824,1.7102050672064546
0.4217584119195329,-1.8473957574603819
0.238052028579625,1.8628193657652254
-1.4260823657679045,0.11065456805263842
1.2864490276573257,-2.559559081603827
-0.9856289665417206,0.02485900463839946
2.6219214233852575,-0.9240230849453169
-0.02767779100142564,1.5005922416497808
-0.7968025390264724,0.24459886476209167
-1.2876775226040238,0.7195760419855071
-1.2797594756037498,-0.6685017005344102
-0.6962338441340067,2.1247215908552004
3.592589567416262,0.5368351108182727
-0.38304521835128985,-0.00047941674184798287
1.5193063676197855,-1.5106798307614817
2.491962843920928,0.7321571499387182
-0.2962095579403685,0.3869514661454229
-1.0686374628724675,0.2084984271920149
2.7101438801860183,-1.4047109342201531
-1.1251007215256101,-0.6800187692630089
2.1265951299569417,-0.6637117815636678
-0.451725390469077,-1.2159550500736815
-1.7035153189555128,-1.0429596884213057
-0.6058145507539018,-0.031782548105005366
0.6879183690461381,2.3850936406066525
0.03236065258505856,0.4095926939944799
2.6624263249258546,-1.8198005139073548
-0.15348378248442326,0.2519008900074956
-1.3917981857589823,0.22708862659366943
-0.3632027049042689,2.2088561623355107
-0.8384466115585604,-0.3851122229361033
-0.06338062346776277,0.5163728726233722
0.5213359294262743,0.5250067720240293
-1.937219093091716,-1.1516285297621764
0.5153743418530825,0.2994772068669197
1.358675769333301,-0.9565293119230177
0.8839156939716211,1.3716628851072707
-0.1911181522108601,0.5060565059311942
1.9533353043706114,-2.5692386288203464
0.2170807245223302,0.28581166828742954
-1.2269908758393984,-0.6949562334991547
0.9786934087970157,1.610023547069206
-0.1505858497357699,-0.04652227322297171
-1.1573284090804394,-1.2318967067285909
-0.911775746817374,-0.44532629268308827
-1.3134361042716525,0.41578781043616453
-0.11697360865040593,0.2611217678246808
0.7046966090624507,2.256450346783944
0.6278738979416073,2.1006725924612883
0.005701834226066833,1.704530346592107
0.29148804578326043,1.8838364360553697
0.5719807442367052,1.827397318549667
2.2267156302500726,0.05096055525233141
-0.8655856976174281,0.9711999110304009
-1.1050843383470945,-0.7474954699699929
0.6567738557011993,0.13599067316359878
-0.0288252788335092,-0.4013809012480981
0.7569954137091736,2.5577756671358625
0.6285502622347581,0.8013494067069996
-0.9351999372238018,0.3821880936801673
-0.5320312531681903,2.1896648662329494
2.349663910731251,-0.045906987850256986
3.823103531402707,0.569781236674331
-0.6176279323259515,-0.1859782658709717
2.257125380507604,-2.318643150934525
3.3481954578208986,-1.251624294664378
-0.2285579823762363,1.6131333396501721
-0.09962376014694772,1.6413044525863107
-1.109663318514146,0.48726319617818536
-0.24859023687156837,1.7546665988977341
-0.2220518720165502,1.781651476674744
4.086431430645356,0.8800553215282729
-1.2634483212331857,-1.5228589732091145
0.9067925143481884,1.9541086016169773
3.0907923488616627,-2.750639160670615
0.10775347363314787,0.0116583452779591
-1.0779481251607446,-1.657189423459708
-2.0924430262582985,-0.6377785359277329
-1.9072880531842304,-0.32437204583413093
2.6990958976743253,-1.159935357520385
-0.8653624603187765,-1.429452123366059
-1.7380501357829068,-0.6802552349298001
-0.25117382636534935,-0.30029282513272637
-0.6260319738836092,-0.1819027214452959
0.39967679763829017,2.5036055163933915
-0.11081970187747003,-0.8380860139379666
2.801777843647583,0.4532627006450056
-1.2956090317732583,0.31467166853761624
-0.3521063912898301,0.335484648025889
-1.385542217997718,-0.634045637967377
-1.7549033088456767,-1.1481699695957923
-1.1764618826237632,0.45867731287403524
-1.1543737025073095,-0.07711852335399522
0.7722833314408596,-0.2780097453894604
3.520592222698763,0.5637693199277074
-0.34291744322381923,-0.8473801569760667
-0.19365143117956388,2.313307560465075
-0.5904031527018035,2.2397865424420282
0.12173030162638639,1.1478526260203996
0.8133342256640099,2.3286590257981863
-1.4737325953938232,-1.16892827525525
-0.9400340787863066,-1.1109089670035226
-1.0236890837131298,0.17283665171016205
3.750152254304929,0.6661000487366583
-0.5766733076514173,-1.3881681982717622
-0.8537323065320346,0.12339504692230559
-1.0685958297924203,0.1882823943649566
-0.3865093076395422,2.191651192412843
-0.10826788405916755,0.9769618032479843
-0.9402972335216234,-1.0868862450179588
-0.738826207187879,1.191018948342067
-1.8683077265466046,-0.22062420243428954
-0.2959346760094763,-0.22084313964719957
-1.1805638550327129,-1.5949788294493772
-0.5345286292756908,-1.6255520458323933
-0.4135601183797397,-0.7900441290131414
-0.46289845573539423,-0.8981488099024397
-0.02493957768230995,0.8645999436070102
0.023438421568508304,0.08512297113967683
0.15572895447482243,0.3129709263485094
-1.2393665517245847,0.6749820725909895
-0.5824677556952846,-0.1215247971339175
3.414201290274101,0.6631761495608962
-1.0002690020348235,-1.1101423599646865
0.6467368835247395,-1.2155684718461015
-0.9725158869815084,1.1911255846198767
0.07917097981262416,2.016599822514003
1.8869589264817277,0.1086299580850588
-0.8037119991371916,-0.7209802716381523
-1.3043502393511404,-0.024059935082403765
-0.64101820829296,-0.08357506905221321
-0.13962227458836146,-0.2989959023596726
-0.6426879969036198,-0.790200943353385
3.3302420029100452,0.8524022092582093
-1.4351969430443945,-0.36205457285928105
2.346819802824487,-1.1080767267213396
2.793594082311518,-1.1817578177641823
-0.6240467564299573,-0.355975711565032
1.773552892665783,0.7546485185903318
3.1667802699872265,-1.0096818927676345
-0.7041829230704316,1.5991178637259762
-0.8760742432296265,-1.252017941289677
-0.814934413956167,-1.1110375395126644
-0.7180058098585135,-0.3620138382253495
-1.9563373709488403,-1.2297356591879403
-0.5411000539656844,0.3179573666643726
-1.335081826572235,-0.7081986777820624
1.67202812990777,0.4932897757409591
-1.5911080171586438,-0.7691509823680047
0.1417938412082183,-0.6845624235840899
-0.014769728070975563,1.0187681952494305
0.02270291547875245,0.04882190951147963
-0.8770527395307924,0.03900059026141704
-0.9670117936141716,-0.4716931911042832
2.082405421877936,0.4562984119441182
-0.3935786148209189,0.5967573560640178
3.0073051212407518,1.0282258422556667
-0.9781084713830922,0.579512449571101
-1.0776248414775622,0.5267464520216127
1.0588099033894642,-1.1416704879982067
-1.2081159492207878,0.1715313161405423
-0.7537679150027699,-0.28481858771531215
-0.5709031331830595,-0.9911554139425239
-0.5246159181568916,0.07737331942602284
-1.0099382901722833,-0.08503281040713163
0.1544540777562964,0.4316031606311609
-1.588085154439616,-1.7713052854906264
1.0281878051755409,-0.3418289531241136
-0.6720201966963057,-0.4744389547029894
-0.1612072301328796,0.5677798178540581
0.4620394589719112,-1.8154755471103665
-0.6665347393730112,-0.826549956043146
0.6163478726653008,1.5163460546732772
-0.7809645650467291,-0.9407993860912298
-0.0812946009631237,0.8875897243078672
0.15940691134357698,1.7714224437675252
-0.6636590135203669,-1.1276604160800627
0.9414677593282132,-1.4620305962231586
-0.2011668272795708,2.6847091580091025
0.578317954346362,1.8909366842599629
1.436752740414027,-1.315792899880109
-0.5100044443228692,1.6739048210494207
-1.1202524311209328,-0.2924199275097192
0.31389082833255805,0.5013042477630475
-1.2423291404030599,-0.24730282185263538
-1.079704019063882,-0.38039645150964463
0.4514059669520505,1.4350599652057576
0.1943723147407688,2.517951841525522
-1.5843856054587067,0.15875941539125846
-1.6371726864234504,0.02490229619826961
1.9758656422048797,-0.004458861320970825
-1.007943321832675,-0.9588824330139543
0.8075212654374613,-1.904834848526815
0.38252357284840416,2.578446268158237
-1.3714609698075988,-0.16962539903971632
-0.3645291065716126,0.08100817047415121
1.0720431851112955,-0.9817685609394639
-0.3279874894225108,1.3497569779027607
0.796152655570421,1.806166972267751
-1.6955532671016265,-0.3091940124074039
3.1147789106230377,1.2518565412568032
-0.7327257942908924,1.672980157013813
-0.8048677599773031,-0.5714760364419041
0.5313625187840666,-0.6908588961107005
-1.480948189126423,-0.25320341348022957
-0.687732159468717,1.9567028465735838
-1.1893463062365346,0.07795489327709476
-0.6488755226161117,-0.2137227736673655
-0.6155934772879518,-0.26428568418527887
0.09824191830022787,0.7613804113883624
-1.1831302581984966,-0.27064537541247247
0.1154384540140987,1.8678401979728465
-0.7643529906404873,2.022800707254228
-1.9098373982682901,-1.114736809156822
-0.8387761406005575,0.4526238818819512
1.4861569451662378,-1.1714926880234104
2.99607151712761,-2.2351965256953292
-0.527462542849461,0.194563443776473
-1.970137450802043,-1.5629242751068257
-0.8240882998441094,2.017932611631001
-0.027426650625582145,1.4663700256222698
-0.6119314282978578,-1.5256174884113136
0.21445011270874634,-0.10040407054328086
3.817581417363996,0.052810621528117795
1.4623204951938478,-0.9327923763728854
2.771013880753064,-1.3467975423605507
-1.3506275455955816,-1.5211137595443374
0.003912217311028697,0.01380843368783004
-1.5195745554182467,-1.1281713642402864
-1.6713827292811978,-1.3776208109952477
-0.24072988404664353,-0.8309847345794107
-0.9090437042264476,-0.6956796309390928
0.36260547552041145,1.9020388406310715
-0.9756589138788795,0.2523707708001847
-0.3956516837761905,-0.01934139844722273
-1.131455901492393,-0.2837195797277118
-0.5184142219173865,-1.0504880176970877
-1.3837038003724762,0.3731455941620912
-0.26548243876616334,-0.2956029072813089
2.716633389405337,0.4787433285564096
2.5680110802334593,0.43610228463056516
-0.225286753319441,0.1699313608198062
3.676269385371367,0.22955724180379614
-0.48681030983475104,0.1480789139338334
0.4005237755817228,3.152819295407808
-1.727160050229917,-0.14953972355579775
-0.4207798208919504,-0.8966555696999972
2.239293213414261,-1.0061365124405903
-0.06648593763426171,-1.2116492234546
2.8517215731332834,-0.8448692383972741
-0.5489811906035034,-0.48062879068800396
1.546065904093901,-1.524137618547366
-1.6533152236307325,0.27827732462449645
3.2993656068191566,0.42717090692731335
0.4484710589479154,-2.1306236721823835
0.27686478131227277,1.6167491179906546
-0.4421161864250686,-0.23173502734044737
3.3292160604782253,-0.45312764037572656
-1.0201855817212322,-0.30537595791003597
-0.41250400198696346,-1.0505168696329379
-1.4173747065480042,-0.3335657661504124
-0.7733183543358202,-0.33010077482172195
-0.7737156326383696,-0.09797813312892704
-0.3714646935457723,2.4299069490066705
0.32532472006534224,0.7007757296379352
-0.23675203077409135,-0.39321967310606304
-1.5363338565146238,-0.41717412840141926
-0.32962245633165854,0.3975666695270779
-0.6303903382413264,1.7375475406585905
-0.2836311080349604,1.3666215809233577
-0.7500208000518068,-0.019718590275936126
-0.6751346760826084,-0.5884614820801294
-1.7617544431035141,-0.8478401221649094
0.04777416581767908,-0.6490987175118395
0.21924072675333395,1.5344864076761693
-0.8693882420384039,-0.08234132150581362
-1.0605344648765034,-0.09509084690609605
-0.9643543269882552,0.309380601086909
-1.537821864942,-0.9937824944952091
-1.706874584835518,-0.03542213236603425
3.3578239856400254,-1.1226399095936266
-1.2862541356884876,-1.3559700477727663
1.9673438559282934,0.5926110382767652
2.1359884229045853,-1.0387431338835542
-1.3346797291863715,-0.8515289658947895
-0.9886666275739391,0.9202415155089622
-0.2335123661974403,-0.967339950924451
1.7048206323679445,-2.4508686777028093
-0.14831998098666424,1.3069571875555024
-0.4759196904868259,-0.27092465146628747
4.0133836300283745,0.5705522088400871
0.17526224444738814,0.1519142932035754
0.22949866589980014,0.7599220678545218
1.0058034268392841,-1.5634001365928427
-1.7108483662613316,-1.0781771272040228
-0.4202390741271178,2.622177850122481
-2.1028671500881875,-1.1837278442787202
-0.7150861661309422,-0.30633358238889735
4.454978631141402,0.7081711705029954
-0.9465757616373993,-0.03700068271970296
0.47215840523028446,2.074766919537059
-0.20183578177528155,0.18519688746285884
-1.1116781678160434,0.1969642709023464
-0.6859588473815728,0.3055532231009216
0.007080576755754394,1.7337460346735198
0.5324831348927365,0.15742678748076844
0.597110957404576,-1.1756509388011596
-1.5196421122738133,-0.9219330014570295
1.9990384809577433,-0.7647924476720496
-0.4921114267909291,-1.6583707244814505
-1.0136966280457325,-0.20800087596328837
-1.323865198372976,-1.3735144801715313
-0.5578029830324894,2.1546173754663958
0.9674347706303323,-2.171195711453243
2.1040005327755713,-1.5348800682378316
-0.46938608397188275,-0.2857597249346778
-0.1804113602950634,1.9597206925235509
-0.5729098948108121,-0.5119815367869452
-0.21019755626981196,0.030714077192259596
-0.8621445234415658,0.09733113574995442
-0.9549750151218552,-0.4422575185850218
-1.1326327619926202,-0.376442537300772
0.7151927977914406,-0.1987750184423014
-1.7955065181590073,-0.32336654860715247
-0.8987261038128778,-0.8654195233227754
0.8601208459909332,2.0465852668115927
0.17660189361288436,1.897129552541744
0.30393294692426603,2.8702481263554236
-0.9462822166352411,0.18109690537650566
-0.5350889643853382,-0.7402130452811643
-0.714239222916531,0.39609902534366703
0.1249866749424956,2.0921889431630194
-0.5753034469339599,-0.303631233060376
0.882627190591078,-0.4621531392729609
-1.1161094912384908,-1.7679596113223153
-0.7080900810124758,1.4947514596146365
0.2829780135778406,1.5351321463334706
-0.9942683187478794,1.4980588703692073
0.8117882479064158,2.5693092991118776
-0.976718042123142,1.184838257384752
-1.9185179746741379,-1.1731497140718157
1.074327439516589,2.101836511583859
-0.2404691082887599,0.18738193956373475
-0.45160262916077437,0.26936370039461505
2.7385293150231123,-0.9102590047897996
-0.920856817072888,-0.8332251498091339
1.1877116623197397,-1.1168462952808926
-0.620526520229451,-0.6889578644557404
4.427140430048889,0.7415635229962312
-1.4946715943860096,-0.9956676333052146
2.4924381779864246,-1.5037230611958454
1.0251840868690216,-2.112685977396934
0.12264833488545157,2.355241493656232
3.598898754167629,0.12436048319421175
-1.0164182436162488,-1.2418386765483627
2.9734668941237485,-0.936261263255022
0.6530566220058246,-1.0576920363876878
-1.269076425571983,-0.15194349937731202
-1.5958569952681196,-0.049904405735491264
0.8007461999351528,1.6699902299923854
-0.48082195896342533,-0.4178090140838289
0.6572374507500507,-1.120690497807917
-1.1214509361031686,-0.12796944486498915
1.4166915576406656,-2.5830742944150673
-1.041396156679657,-1.3466684734410912
-1.2122400711366945,0.00791799069833205
0.25052188396298414,1.5232347626439684
0.17349235448244077,1.182789896629822
-1.3102644258718406,-0.06690632098517287
-2.1343751186072453,-1.3607120619933482
-1.1939241907093046,1.0082214685574962
-0.264900837608939,2.2348963092266305
0.8300431988797438,-1.0475026907532117
0.5848324268935821,2.305786324941011
-0.4648402779345857,1.7199981542873042
-0.02082891388577121,0.5960699035430967
-0.41900595050020023,1.764935922154665
0.4485578690711763,-0.5785371939684807
-1.2267669738569968,-0.20722404442126682
1.0742211686297565,-1.3881266606762996
-0.4257711980504441,0.10587956843782241
-0.8098471225150996,0.006027492608047839
-1.0888930884749641,-0.3205109422760502
-0.7079603450768428,-1.2202539628780096
-0.005993330962251229,-1.6292023660696902
-0.6384652540283018,0.6730017684962236
0.3555773509340126,-1.1371122734515304
-1.865256289206038,-0.524522147009846
-0.8513598791827086,-0.027313274896886862
-0.5584366538388374,-0.11103225125080654
-0.1762127336102457,1.538077339335229
0.26208044428793686,-2.6824124439537287
-0.9460010179060043,-0.4402565549286588
-0.7207034793633948,0.08711961765223902
0.7963282007413577,1.8791257341287932
-0.5428087144091434,0.4863086232587207
-1.473350848860278,-1.0590107646539124
0.6510137289794828,-2.442715552780733
1.9538382783493013,-0.9521171871094305
-1.5466144278191651,-0.004549745226722979
0.038193869711507115,-0.29376744151263395
-0.8509863461587915,-0.6012296187576159
-1.1164333921407519,-0.8612983661841906
-0.884777243142516,0.17575485828139786
1.6018711132152177,-2.4407374425131474
-0.10403518600825581,-0.48134624616454436
-0.33888285764988874,-0.08612031481928126
-1.1694492805154308,-0.46819311194560637
1.7451187470124903,-0.12197338891149978
2.0185608104835078,0.8345283900841052
-0.6050925883071232,-0.9367631365215574
-1.2700872635946112,-0.03204524242626861
-0.5988008204262509,-1.436011503303054
-1.9330169379500821,-1.145341202527052
-1.1508952371362609,0.32856973963011654
-0.26972669892333734,-0.9860977634485609
-0.2394372989014545,-1.1953630069136332
-0.2602130949363564,0.43761497178300685
2.6458178233421883,0.28922434232045807
3.733868910708311,0.5103257108207395
-0.9119998664038206,1.4054043760624824
0.6778419406728363,2.556201393231282
-1.4090345785847087,0.600493163010704
0.5181840430046026,-2.070720353309744
-0.9484618251527587,-1.870096955211883
-0.3948224231202723,0.0406969233619016
-1.3470950020629284,-0.7141296323359203
0.912101754274096,-2.4881834007993118
3.6877675700737145,0.452948051435558
-1.2261495463231886,0.2635375018429854
0.4697946270266797,-1.0217042077002159
0.047646393385950954,-0.6093911655644434
-0.7231666696740646,-0.8325661226317969
3.1761064913764505,0.7322519353757603
2.174168076421657,-2.4052755048341843
-1.2048963576530232,0.4064327332775449
-0.4938690925461009,-1.474734323195055
0.8092663647353122,-2.0170589694962153
-1.5529589473447638,0.05741015803404364
1.9703282439329979,-0.8402849270335832
-1.6263037565822875,-0.04670612625426765
0.1328146346058441,0.3575875948949155
0.9678296883072165,-2.4934256326371287
-0.9760943621291807,-0.06726222314542493
4.194772183200575,1.700752216531467
-1.8835043792592792,-1.3370995768268024
2.5499423534892873,-1.3263407512469874
-0.7088802496727806,-0.5839053537276291
0.0002686918637160842,-0.2546218051314623
-0.314117421202993,0.07785605729464222
1.8272893326718977,-1.3503178639533475
-1.9569020390847682,-1.3252584080199785
-0.6476961985401612,-1.2361712403967435
-0.8996266872105403,-0.06448052105863711
0.50947095039984,1.5647990274357488
-0.3145203169379163,2.5186205311841547
-1.0211368163453374,-0.6533324636077993
-0.46523772255412105,2.0278670423797815
0.43489775731260977,1.279165366131863
4.5106332471277195,0.6347147525563995
-0.9853566389719582,-1.2413517437131252
-1.2995157627846112,-0.46949735300441736
-1.173601174635905,-0.3299076606172605
0.6131310385687377,1.9166355691256158
-0.14082274580684828,1.146452676271848
-0.5381215703931446,-1.8449116812653332
0.32239177787290013,1.5777504141588263
3.4945093974517505,0.6828379676825577
0.1842332329660985,0.0933247952763602
-1.4902562937594388,-0.6182551287250061
-0.28695120049159667,-0.15443088028885607
-0.6898785997000302,-0.7353026932932191
-0.4682932235625971,1.6855083427218127
-0.718032902034465,0.053227798869638424
-1.3544392037561275,0.22664908724586727
2.788902554824179,0.5743209920241671
1.0675796717454213,1.3724910345210313
-0.3844892247638492,1.0039445894241654
-1.2858725902682506,-1.0494340794206702
-1.4643301574811995,-1.6356432889221422
-1.0103492269756027,0.19478338071039808
-0.28845143798161854,-1.3498374015102332
0.7388941984268115,-2.1037041151385787
-0.22193040376413625,0.04255855479775033
-0.4033625783355451,-1.0057265926761196
1.1333292584643448,2.656865776528089
-0.7437198916740849,-0.6150914697403692
3.664239647082218,0.6164203088356819
-0.36425802776184957,0.09485369694209518
-1.0334022734762163,0.1614213573077435
1.4496978541553849,-2.0687753414623953
-0.3107413105583935,-0.17191834300073117
-1.0579072742063929,0.20037859483381204
3.1327240140924695,-1.139746123455935
-0.4354344737942046,2.162440543248186
0.270597083401725,-0.06332817935449939
-0.45583117147407476,2.045426498028664
0.6438912923594317,-1.505130582253557
-0.3304272745690528,-0.4443361644497913
0.04518236736894849,2.33889436443122
0.7541213441503066,1.9039466350581873
-0.1691154017310435,-0.1995502623362842
0.21579505891938436,1.6340045928937754
-0.9344007081490968,-1.0109200749236764
-0.9098199757409755,-1.4687525135738673
-1.2339305063582322,0.15482905383850534
-0.1564818665964196,0.7325835300245674
-0.21307641441495637,0.17184745759672168
3.7718933224078577,0.545812374306914
2.20762215291452,0.03313654668291403
-1.4847238965765592,-1.3140848603030797
-1.374353695420017,0.1082394597748677
0.5720755907563012,1.6195438489686336
-0.2690941663117645,-0.237438121689639
2.984422504836564,0.49546174412905986
3.2876794330037855,0.6518248465469412
-1.7138578039470602,-1.755108872073494
1.657616797753825,-1.0200921994750682
0.5865559298391272,1.9996909489924715
3.046597751407985,-2.350202565213659
-0.2321573764244954,0.18151713916110265
2.790634094187051,-0.29537434808399704
-0.6443938045889192,-1.5229241463515348
-0.43454166419175866,-0.08527095291331933
-0.030023761444524677,1.9689870818177988
-0.36578571832926343,0.05511750211121084
-2.162631533885878,-0.44117291511867257
-0.21171518161670452,0.8316287667802259
-0.42792340993831474,1.0976581090551207
0.8444758143720927,0.5730245547783631
-1.3449952600837507,-1.816666831517972
-0.307056625180311,-0.859079151887471
-0.7483740738861375,-1.4429405262924482
-1.1242796580887204,-0.37345685583499677
-1.9485810242760482,-1.265423370792608
-0.30887721469235346,1.8230373644652704
1.6567094562205247,-1.975201195037433
0.5929516957837306,1.9766349267065322
-0.7266434586011437,-0.035008149914756106
0.8098197331334153,0.8738506237867519
0.11087874737485262,1.6962881018205955
-0.34732638515438585,-0.060413773914948704
-0.29391226121653713,-1.1565059610704427
3.5014939144552923,-1.5324549292065799
-1.664102813000468,-0.5698385196937011
-0.7286978461140307,-0.7411376027033407
-0.68160468763434,0.35672274892401384
-1.41374217685303,0.5309562249317589
-0.32842949120312087,-0.6969543383784419
3.3316825403488095,0.15755384658834146
-1.0295141548953561,-0.5571396956431353
-0.7463303480281799,-1.5300746645723238
-1.0843145860822982,-0.4824735847706549
3.503878151573153,1.3955722964537953
-1.2543274297624725,-1.5946324761950885
-1.3559973621901813,0.5328461129172943
-0.8432602109051108,0.9257780978670607
-0.8454116717368159,-0.7291712709567567
0.39926041669895657,2.398898298973077
0.8934687605974302,2.0032144828641205
-1.506189589968968,0.39263502575901005
-1.1846181774488727,-1.1207204901715913
-1.1686011555709874,0.09219469769794665
0.9073137836641788,2.201747055475079
-1.4985545728461402,-0.33581063011094053
-0.7692835434898132,0.3397236734994471
-1.0476519638091155,-0.692045368200472
0.956721404414692,-0.7971166265628077
1.2225753367581718,-1.379765900927757
0.759081476752398,2.3131150453964517
-0.975116154578946,-1.1194197773009782
-1.0996247715742178,-0.8361490572436912
-1.7173054768595735,0.09528905237350743
1.1465335821272387,-2.5377084463419965
-1.1418484819759391,-0.16779035855133517
-1.0964658052543765,0.789267325431706
1.9250150792801124,0.7520625881194188
-0.21123697051682538,0.919713390623994
-1.6577080897702787,-0.737497175049326
-1.5031429814779544,0.2797238955539226
-0.6368160531513264,-0.07728774181708828
1.525164195106004,0.6507682940306211
-0.645057532138125,-0.3874123477406567
2.1847034259936207,-2.054153990166103
-0.3466074677683813,-1.0053597602601991
1.2976435591305833,-1.1708636509632884
-1.0687402304446574,-0.07941287928259363
-1.197219004948152,-0.8164817559163607
-0.7626734423991229,-0.49670549651728724
-0.06478374047804017,0.12346324699285088
-0.6735454262281958,-0.558189656491634
-1.8394745994219768,-1.3459426003486923
-0.8231113297370121,-1.4363789082996001
1.3535000679069866,-2.0639671176241086
0.07000517465936812,1.953383731276693
-0.9886341734595356,-1.0357719729590227
-1.3923370175184602,-0.27644494611928483
-1.222924124102787,-1.435283827867641
-0.23600693755084814,-0.47746000400500455
-1.4289587056306383,-0.5705053546309519
-0.13717941085147886,0.2156713924667155
1.4788879789932918,0.42661933944202185
-1.64357445639168,-1.741153740109968
1.1721977747973242,-0.5094523216871135
2.476938034356373,-1.2331051617075994
1.1365545662926415,-1.0863410068563717
0.10688520772569554,0.2360759751976849
-1.0393105136170875,-0.8905867752279659
1.1197755306741703,1.4541600515898112
-1.6243955847525333,-0.04947440496308038
-0.4148310029524638,-0.024457457208940235
-1.4466772604743472,-0.7775982602231908
-0.23932183451303657,0.8875301381603182
-0.3350368539673211,1.4043159861257584
0.04960036656274319,2.1297588602948125
2.609875682263305,-1.1859323592846123
-1.0358388244128587,-1.1607718653425885
-1.4134825212239344,-0.2324986713909656
-0.18509690924487857,1.1971668081692435
-0.0050760086808229205,1.2976027308916072
1.6744260613837425,0.3240745312297373
-0.8308346708984442,-0.21493952611281378
0.011690403061956163,2.352177495021312
-1.1586628553397842,-0.7523524311995999
0.4161276620612175,1.9821195348889782
0.6083640711361937,1.8223615565920785
-0.05448693234373002,0.0893674082129618
3.8548819357265134,-2.785703391074239
0.42993626026638565,-1.3467579791246758
-0.7655810056360943,-1.728002377193303
-0.6178675640677097,-0.5632884676511675
-0.08316726000238202,1.3232715762500207
-1.377633575831714,-0.6764111349542095
-0.4287357668945711,-0.5585607129132872
-0.6940169885252384,-1.2439518078343101
-0.8500223396952349,-0.4513957343830999
-0.09577282565410607,2.5841511684909477
4.383791474763755,0.6669254560897276
4.4827540391795875,0.22850786448613936
-1.8559430149827758,-1.5913551346702144
-0.496270518098329,2.0585112924957887
-0.5466282131338648,2.167824676889884
-1.1254925592248308,-0.6413616983109147
-0.9066696612151034,-0.5390556096269352
-0.8435527074565639,-0.25438003198061127
-0.43970168741468335,2.5930575976650614
2.557222860586996,-0.8888951318135473
1.193648139728605,-0.611458034762835
-1.9294046591928289,-0.35746324180847294
0.6666898628709048,-0.9065624052672747
-0.41678007772569076,-0.49931059085649815
-0.5730927867855743,1.640788342862929
-0.6936655022414139,0.6039250353572316
-0.34876378478247366,-0.9088406681395971
-0.7859176391481553,-1.3269387908271444
0.9861565889213179,-1.2378218109442671
-0.7637497250672843,-0.3053059286238552
-1.5000527326754587,-0.24720730817324454
-0.8689186414934008,0.6055111483165552
-0.27602171268545267,1.4851552151660738
-0.939014462727661,-0.03724587163745204
-0.2613819022128003,0.20626180460140509
2.5842256787761766,0.0015040992785604504
-0.5881487572538566,-0.04985232071588837
2.091822256505744,-0.854629570218241
-1.4896523391671108,0.5231521748346252
-0.6469028593117373,-0.41563650114752543
-1.1741661225605415,-0.5877258753215421
-1.43143563043562,-0.44496178777998047
0.4491092000102814,0.7889179616287647
-0.2922035393361366,1.527207708634019
1.600559493816048,0.6471441666533143
-0.6367423193007271,-0.5229375519146549
-1.317808895659302,0.5027391660677644
-1.4593793067301617,-0.8280437802688705
1.6844783585118002,-0.8596225721856703
-1.6170045988636028,-1.1541044086672603
0.1030149006638963,1.8501316088792104
1.304040246868257,-2.3770138984138613
0.29636111459632775,-1.0206749756136593
-0.6151950137684419,1.8494882260381487
3.436863345612284,-1.2862073334171138
-0.8816197878051626,-0.16607019361156916
-1.74920140930509,-0.4208700614739633
-1.3261091224254205,-0.2224759845053027
2.4874828693135864,-0.7411590459983225
0.2748093568222155,1.8690779737036924
-1.2001387559382926,-0.5491614354122566
1.991918027000268,-0.7847355201218276
-0.9260153845498832,1.4723906552921582
-0.8057360303402453,-1.5456429556353242
-0.281403309991941,-0.2501482624837845
-1.7319378156668337,-0.3203526086347994
-1.4184899828124904,0.25860462955804103
-0.6334041193674826,1.4218383907923173
-1.1978005441239703,-1.1848946631177832
-1.8825910762504796,-1.069893275705553
4.506236522957941,-0.19347378555653863
3.1329061379894867,-2.805975601530394
-1.845955696619141,-0.44894338537965106
2.2164887438817495,-1.4571271561365797
1.4770848869015778,-1.2919704368368048
-0.8351452223803034,1.7396537779481498
0.5760475923446354,-1.1103138793666856
1.222213665190366,-2.3756360601492403
1.6215890116114746,-1.105665232685647
-0.6415925221577736,0.042744253698630205
-1.0619660854156647,-1.2601007234567108
-1.566370403573787,-1.0396149691284016
-0.4507712677082331,0.9283691645894635
1.9524429040520543,-1.0000955117427903
0.5952640626236758,-2.5097006677652414
-0.7594463232303172,0.1164755729185545
-2.0741651098514877,-0.3088081312213052
0.329189384806599,3.4782360374738186
0.5914807434179356,0.33799777595926206
-1.255870475189054,-1.3298347398863255
-1.0153079782029737,-1.0252974005979096
2.1613405038350493,-1.237214266717415
1.0256709062976745,2.029035880440307
3.775086817818677,0.7066285001578011
-1.3970299538955189,-1.1649439564524962
0.2002721039557958,0.26066235934692966
-0.6626315771443771,0.46007582411895515
0.31557267496422303,1.4978132760847824
-0.421219013122388,-0.4965155257826058
-0.0002479589889144279,0.33060002309086206
0.23484046962453223,1.0293387434518992
-0.9562862392861873,0.32665930834746215
0.16683041306572766,0.630087253584972
-0.4421623993647162,-1.2500299062669211
-1.3423055394452597,0.6378407879288829
-0.5710743271057536,2.3964958935774705
-1.7982868443360254,0.018088113862289073
1.7440730892049596,-2.2847732495170616
