ICA_1,ICA_2,ICA_3,ICA_4,ICA_5,ICA_6,ICA_7,ICA_8,ICA_9,ICA_10
-0.4726469501912536,-0.3492784268815527,0.9441094206973359,0.553819559344782,-0.2971920255102067,-0.333387093394072,-0.12928562731667925,1.7885063879267693,0.5717866914422461,0.3357410549710196
-0.3124498523093829,0.23594209726482998,1.2468733436977981,0.13718687911387734,-0.041838821775689115,-0.215434034066694,0.8241729449070658,-0.09324802861316032,0.22927166618659944,0.0909320311716906
0.3368098618552041,0.45728736528903347,0.6930963236765688,-1.258283558127622,0.5241374488964126,-0.1742612970794862,-0.04107808363513338,-0.4533415341871646,0.197247301616716,0.3782853812165916
0.5020972005103876,0.3842640630152971,0.8773097966089085,-0.29978478903142425,0.44816858242729857,-0.2673069360039341,0.7119306909363757,-1.2648205924239742,0.23552791220391311,0.03651927948381388
-0.3552999220651956,-0.04315955522342364,0.767050721794576,0.03091441838776237,-0.03210358003992145,-0.1870137478356343,0.5009942862903141,-0.09021697734289204,0.2734819859926039,1.1096586584715407
0.8318550541465592,0.4394029366358492,1.2173088728846637,0.10249983041411291,0.15554173639241214,0.2828618130712221,0.13690921730518277,0.5205420482297896,0.24110571346959797,2.2515517851277433
-0.10550118883821066,-0.7346652514404831,0.3378984748269786,-0.6310098751752217,0.8420568085180195,-0.023011846175469218,-1.330937941615002,-1.228365854237438,1.0208317335876107,1.0159959331549682
0.36617288716033114,-1.906632691997554,0.6442809344857987,-0.09387408704448448,-0.08506384189800296,-0.15045139424857057,0.26755335698188587,0.011192924623127706,0.3813971266910191,-0.3365462266973984
0.5621622471481637,-2.0136428117142624,0.6258701264772758,-0.09292645414128489,-0.2725248937600071,-0.1540133026147892,0.290234601558604,0.05825724140237662,0.3989651482345916,-0.36843832947693234
3.611905280627218,0.4321004789977693,1.1190228713262393,0.49988044519339336,0.6785477607306465,0.14452297840348138,1.9966889593776203,0.18032016729312944,-0.5529487556112814,-7.597794618704248
-0.6224196195266456,0.9395475491046613,0.832061495094164,0.35251868455789465,-0.0289441920563169,-0.06558567230639571,0.2176059270293532,0.2105263443178907,0.03149423001454211,0.5312571167527537
-0.36919216161906865,0.19746675284589202,0.8058580463617133,-1.2718293819112807,-0.3527957431256657,-0.17622668566091085,0.694982655319007,-0.3243727047861749,0.24185678838602007,-0.09317571301107384
0.4321111794724074,0.8295367611879163,1.0203559788426246,-1.3247804401386056,-0.21634808313465803,-0.16370247479865002,0.32896478359886805,-0.28787607578548025,0.19180053705731107,-0.44700404851257797
0.5017197752446132,0.33553531617114274,1.0238270684468973,-1.9236904745493755,0.14031318054574335,0.04243359998255094,0.35716293404707145,-0.4891331959772769,0.21903959243539012,0.18053492732287876
-1.3471586344742403,0.3531532618436342,0.6758075645576742,1.715075680443831,-0.01565819485937392,0.6171279553217814,0.6988350851749778,-0.6259389179639869,0.31835558748910614,0.20264889219935273
-0.7791097575578779,-0.21526910780679165,-0.520854606745733,-0.07937902783362603,-0.049656143413467684,-0.678498465200762,-0.7041753760165221,0.44983313200060804,0.3125890155927084,-0.9451523021475272
1.990120235404424,1.2179855378166464,1.1549537466895732,0.25409615429164684,0.1415013618703641,-0.006232157839623702,-0.06135711876849843,0.9280871998843586,0.03730677651217251,-0.6339723375654572
-0.7580666681816887,0.1624488822992774,-0.7609965569117852,0.35880635405469125,-1.2616492519790876,-0.2517908218454563,-0.041277512977821174,0.8877446420718235,-1.591013293106358,-0.7527708922053928
-0.08220440974766517,0.8955549741063337,0.6991855092454415,-0.1958029753841479,-0.06082254550411038,-0.20073056349113472,1.031712680220917,0.7976211352435257,0.20466020513957062,-0.383672686493914
-0.04578787400306782,0.2840999921581156,-1.4916757463562136,0.2816741373920571,0.12138283175809247,0.18485611790724357,-0.1657881014367996,0.47973038368905213,0.6214958162202772,-0.34397781356751145
-0.2427380322778457,-0.847533600189983,-0.024884704820720967,-1.0822804425629964,1.035228498846068,-0.5381756727875748,-0.6538933187369207,2.0062062425378575,0.054994847195427236,-1.3938670962011317
0.7187649037956444,-0.5440726590049055,0.8684875399379317,0.3198735725474306,0.4490979082066194,-0.1284082772851465,1.321592586551912,-0.5409244066650041,0.020240097635215774,-1.0216152918247923
-0.3359183119001733,0.15309796133169504,0.575496707968939,-0.8702854804542146,0.3468763317206777,-0.027144093428379427,-0.07121821171210921,-0.8267061477448348,0.3920143019584101,0.6014504544004166
0.19949627700470254,-0.770914258532372,0.14787163140763504,-0.4610896526269114,0.4087228084348491,-0.3832616293192767,0.0897433402509255,-0.5275790123136722,0.7204424584094549,0.6190803748698862
-1.7488546084030956,1.6899516822583944,0.19454640157500974,-1.206343625537417,0.08442995063245007,-0.3627045464179141,0.3400045218117817,-0.7628520099186199,0.21072065656740366,-0.5846296522355672
-1.1348191286360525,-0.43286105351407583,-1.6989610310520584,-1.2420654415035013,1.3211402452230958,0.18674466024680667,-0.822632113058883,-0.4013551679631078,0.7732370116852718,-0.5370563377632899
-0.21202399667288852,0.7120685926711685,0.749076821570253,-0.5295392764893997,0.1375215171265384,-0.01588099951940521,-0.08249984546433521,-0.09644611799607058,-0.07166975589453171,-0.38616887917768233
-1.0411196932838718,0.7334116473508557,-1.2951580618749843,0.8427988643438246,0.22855640180404851,0.2772745506939487,-0.15157144519506172,0.3725438238694262,0.9056111691740885,0.9713755979808324
-0.7155849163704876,-1.3483233378022608,0.4316303267437615,-0.29184655606451027,-0.3152468499581827,-0.3542410528567383,-1.6780475374397523,0.08998717154743884,0.13179474570712715,-0.13372917237622237
-0.8381787391648352,0.19434553581882114,0.9141350980255514,-0.47366536508221796,0.14977707507324792,0.03741573072840938,0.15550881283444992,-0.6201918525856427,0.3776023788493035,0.2582249263185607
-0.8443803146857628,-0.5768932548684317,0.5688131425894352,-0.8205801508585301,0.573094609295161,-0.19166819914980815,-1.0777676752522898,-0.554025788596844,0.4231012200746581,-0.06111983913997437
-0.3206187138645617,0.4625167431852002,-1.8230237830488942,0.6308256671375257,-0.22286352193333067,-0.26856560079090536,0.8284203505067297,0.23361563409250785,1.1070637019544673,0.5090699883126478
-0.02993380498614066,0.8349197138669405,-0.9691449232691491,0.13016398770796597,0.1454411426333816,-0.054885021620401424,0.4045343896590273,0.08932972502297043,-0.2599652286763862,0.39580005532321016
0.29544529799552893,-0.9500839862205188,-0.890319394426909,-0.7410397056594236,0.914786448091004,-0.18156722833966993,0.43224464017253705,0.059529744991704506,-2.633174628387121,4.15951358665087
-1.3302194399441059,0.3660866006496975,0.8520550548187152,-0.7731544609145417,-0.07881283918983006,-0.050620800023972144,0.5603919871793639,-0.2207127237605535,0.0545060248899509,-0.07141837767324323
0.14439611354375775,-2.11725386847166,1.4970902014881469,-0.14656155391409587,-0.7460682709705879,-0.06513895714106371,7.7588296307842635,-0.38699898361320495,0.15589621055282013,-1.2109969103581413
0.07486128918007932,0.6743778549271222,0.587015465165631,-0.533784653734798,0.17717332006562042,-0.15935495955823,0.020894122774675877,-0.8711499031077276,0.38507757258353204,-0.14143092217603911
1.586824358653069,1.946134357378543,1.1377061587911665,0.914317351792529,0.04404856038859752,0.017332559132435667,0.0015237077268282484,0.4644599030053198,0.13570263899223253,-0.9595969608634309
-0.4616972856462719,-0.19557647755019694,0.7357449594633655,-0.8888497249132399,-0.1987142702470287,-0.09310509950514907,0.30118652323361306,-0.2687178801053731,0.2547317430830191,0.38863082101997315
-0.06607838081769916,1.1421040660409896,0.8192665335785284,0.33359247075427356,-0.373894475892574,-0.12322884608381089,0.5915610577774092,3.5238219301159583,-0.05457189784588282,0.2686592677595018
1.9922283072585099,-0.5315215030895668,0.733496498430053,-0.9112546770967072,0.1290967539018228,-0.47786522626282213,0.2782722190015992,-0.46850486006606706,0.09342781513284007,0.0821379038538049
0.2410954474205144,-0.26516457226769385,0.7996271140248834,-1.0235368615567446,0.08396569510267167,-0.09899398866493721,0.13954664148540555,-0.28549280863434334,0.20742049139519794,0.04225637389963591
1.687059392300206,-0.2973659676668368,-0.953318965184766,-0.722826202022625,0.17497795457761217,0.20092193775117162,-0.2786658858820387,0.2646466732859188,0.6469838480702652,0.4943733263126079
-1.4147816579859374,-0.7733020009302993,-0.5623659495385669,-1.119392060763941,1.759065854672823,-0.1983803495254289,0.44339806850563135,-0.4368436691000539,-1.4225748978249584,-0.736539150532178
0.004814746501626937,0.4854069580193872,-0.809460567047718,0.47426637624859846,0.2470369949698625,-0.006695125544844103,1.6287017926197906,-0.028948791609466888,-0.026478300007372123,-0.7258579312404826
-0.14892203070788032,-1.6834283512029065,0.6351695911103681,0.25419219795426257,-0.26701205894394686,-0.013400168979336281,-0.19282439467747664,-0.1795023880525402,0.4626959398494545,-0.10847819869362399
0.5911902971715739,-0.028681750684186484,-1.678109649745627,-0.10756427260927698,0.06490603558577678,0.501968176059793,-0.234246460237776,-0.4223668118002122,1.3319860803708619,0.2068609683193993
-0.8263430018418546,0.19442345444771322,-0.8334563182496563,-2.5797061884202726,1.0823748477535882,-0.4532353144012748,0.2861761321815057,-1.0832233775835383,-2.0180367796548837,-0.3033235046382076
-0.5471295230576102,-0.857464127488874,-2.1071529845137427,-0.2068245933018687,-0.3818581709530308,-0.4692851374515309,3.009573590198717,2.7463443689491016,1.2111500952020144,0.2379720975812532
0.9911095753512515,-0.0661034156528258,-1.254340593439564,-1.288652903085932,-0.2041413906488324,-0.12667616389526995,0.2494909009214509,-0.4587016671261142,-0.6715212032525695,0.07627672585585882
0.12272358460037075,0.33388621911679794,0.8182028631102064,-0.7707854090385803,-0.42745656256806414,-0.05417412874747707,0.06559895141740078,-0.21999867014258287,0.19841825965628146,0.134010585818193
-2.069650208425339,-0.3155482035602687,-0.8552570286683154,0.5822449848423055,-0.5895320560232966,-0.1505427834551894,3.6233716006304717,0.20586310512334496,-0.19441192789539882,-1.5778732798155213
-0.2608437141260468,0.852378062540271,0.6877672654151555,1.52908137813652,0.1915923921874019,0.524420294757084,-0.57471890820336,-1.0765568481780177,0.24086562927545357,0.35722240118165455
0.8749121997491547,0.3818280010813891,-1.8200851033932341,-0.3000254078404604,-0.48771122635981073,-0.08501861405113628,0.7765742718111193,0.6011523624538438,1.1299644912910178,-0.5532524309699247
0.7990413510378004,-1.509842291711255,-0.8703035468932834,-0.22962319644540471,0.7845575440367474,0.24529558395323287,0.6971883988685297,1.8137297832551962,-0.4528111814168847,-5.496287493853442
-0.18516616702650404,0.2533761033421125,1.0603079120858168,1.486574039938523,0.14026256848474572,0.4247216831079198,1.375516637368489,-0.5011240611108256,0.16575968821173062,-0.3560432074641624
-0.31127689478718124,-1.2576439825921446,-0.3676513698829823,-1.231843823211693,2.0796644666836865,0.16832019155314176,-0.3260801637316338,2.160690527471685,0.043632224454831676,-2.0973237113765726
0.3981179916008108,-0.09952176798184102,-0.7846363424464322,-0.39992736657912253,0.3075932201710707,0.04546867883672758,0.010654678430003487,0.015996132632585314,-2.6391151463398335,2.3121534905829995
-0.296182655457318,-0.03265639993775244,0.35646908982668074,0.2480843026207655,-0.10827806741732059,-0.15584053536385775,-0.06379757175289,0.09295841094979239,0.7731397859326207,1.253874792893037
2.3245199493055884,-0.5161946853358581,0.606464690041527,-0.7822781982889068,-0.42239157443107694,-0.13627600784644125,-0.27129512139076145,-0.02101074509675705,0.769793569412395,0.6838666248579189
0.1750018641012622,-0.6691611749292236,1.1808013429441886,-0.04101009553211073,-0.3757381774551921,0.018429964229877895,3.368065186768032,-0.6109453022787056,0.1503463574259608,-0.47519200039023407
0.2571723483066318,-0.1132224061936158,0.11736849668785727,-0.26602280195304734,1.321261940457411,-0.30025265605674484,0.28872815038698413,-1.2261843683018996,0.553796542011525,1.576839231747133
-0.3280063126220186,-0.4850972767932303,0.8729846720779747,-0.022741781942420224,-0.12156579948019236,0.02051142935763682,1.1965019232259146,-0.2146141386599289,0.07906886521472217,0.22132839566685591
0.46768353774091515,1.255748357973486,-0.5806264708533109,-0.06057496631936817,-0.10695964802817497,0.09520542666209193,0.7696442620518549,0.5650383812032873,-0.5262453908219457,-0.6671368565801852
0.3747540331422036,0.5477186688506228,0.5409062211824732,-0.5528783028947136,-0.336099891765015,-0.21382399856907633,1.045951713865138,1.0790970605691788,-0.005827370119390166,0.6674409780323171
0.27662434006062436,-1.3632881762370685,-0.2723993570494454,0.05094594168663794,0.1946103636204023,0.028528227030838516,-0.16260484853444884,1.0416250437782524,-1.1572691299941078,-2.0847395652053367
-2.1893199671106824,-1.2529384026470096,0.2512638636872111,-0.7631948288168979,0.39606407940474736,-0.6270929024941303,-1.0049341158233247,-0.27243291372646783,0.8988647369235614,-0.8730918912683249
0.38895485260336277,0.28592191625409286,-1.144252514601662,-0.4145151146916211,3.0813776482888695,0.08594875962834707,1.5558059409190534,3.21389395540216,-3.859751410779619,5.9340626596936215
-0.1735241991446553,0.695154527009473,-0.7412945075397442,0.1478794450963929,0.13834349063455986,0.16229392328044037,0.27309555396853324,-0.017714542069621326,-2.694895478165728,-0.1991753206319849
0.051823755985560375,1.1379991842883157,0.8702863067276234,-1.2724629254327577,-0.44365545165511644,-0.12977990204259765,0.3822309926046552,-0.4387798656641077,0.33964592598288956,-0.6331859939640584
-0.38439959459163864,0.11925431319128411,-2.2143513595227455,-1.2870079160237007,-0.2594513216149395,-0.5300837661266657,1.1419060752452355,0.23286748701698046,1.0425754809444654,-2.4052951912236513
-2.308020333862224,1.3611922161549874,-0.46047288024775146,1.8362142980637488,0.4535261271730213,0.41679387854628835,-0.6431745286606526,2.34305869621963,-2.1055377261728188,1.2756109452157753
0.14576713347029555,-1.0249110992014516,-0.7938907040710691,0.38658983973890326,0.24665912849087637,0.355279629757158,0.22762697224227876,-1.985557897659212,-3.6781873736036226,0.66199589625865
1.0149905030892301,-0.21636995810509743,-1.0015853713430896,0.05915523966988996,-0.8387154533272945,-0.05052180785797753,1.1079370456127762,0.6869062845873684,1.0053576436713185,-0.6539613033292472
-0.9097949502858769,0.6670508440278844,0.10185442099524022,0.012765503408557729,-0.7341016905010844,-0.09963041379375799,0.0012994509361574814,0.05371734483870627,-0.20770061175138016,0.262635917526825
1.4646590246800089,1.3112734868732214,-0.7271159286871183,0.06724415258643879,-0.17826889016550818,-0.12670781613672047,0.7091906604501037,-0.05370365349849796,-0.3854447190887356,-1.0437130284722884
-0.6401233428961025,1.1940235048777095,0.7490585716323153,-1.7716463548496382,-0.048152885015714575,0.24215070901103314,0.9893982582030636,0.9500716650157576,0.4640402862729152,1.4474701954226756
-0.977132467124983,0.500736331634814,0.5741904863809316,-1.3319974058024877,0.5821788243817932,-0.4457100953791274,0.2899202858975613,-1.2631145821305516,0.09985013763592827,-0.3384315526511815
-2.590475029177784,2.8605845192804313,0.4553906309016455,-6.512380170224843,0.1963406063648478,0.6092317377122388,1.173280134399455,0.6145384756811446,0.7947567423302635,1.7553966478468348
-0.7936303247339883,1.5652861893068042,0.8046004398960934,-0.7017667144100866,0.01104668204407352,-0.16387454293525514,0.44446988256058434,0.05718550138710476,0.39483745402049836,-0.24734481886720397
-1.3382258269080078,1.5719150221701157,0.5769691743029289,0.28055939944326447,-0.14359579145629442,-0.11495098268687705,1.4224793185922395,1.6788864551708036,0.058281596991316374,0.8419868479800332
-0.031132993889656433,0.19449585364557517,0.8332736780209684,1.0211946129582454,-0.2573501996415485,0.18054252298726214,0.7314475974046318,-0.3532169943764174,-0.5680926504696038,-0.822264182025043
-1.080890166682363,0.2415227738326221,0.8801175752463688,1.1274451420107545,-0.10232754896664412,-0.005669095757481713,2.103187219801886,0.9758181069862877,-0.25382789238481274,-0.5836805409113629
-1.6209445051772233,-1.8089442418394228,0.058112312080294624,-0.08762580365814374,-0.6188884961230979,-0.17442965547428496,-1.5510180273843706,0.38651453285035586,0.4342538727402313,0.5605971336445441
-0.5269984179131147,-0.0008204058884248137,-0.7902733501279646,0.4620597001331897,0.22496809980967558,-0.2903405574585408,0.3735234969619364,0.05470570856860309,-2.543318395635344,0.7905486295425838
0.047054577609635724,-0.3016728611210366,-0.9053492847720502,-1.0736027484992507,2.6163075656480093,-0.736089929483286,3.065323352251188,-0.07326202567394213,-0.36877492120935085,3.5565799728087875
0.5005660904045871,-1.219341551876989,0.399677438742181,-0.20312347090724225,-0.588346490254234,-0.2553590300967466,-0.3539302538460981,0.09277317968826883,0.6203551013098882,0.011126723148541138
-0.15539956355763077,-0.16746041861737263,-1.3956710247778694,-0.1405690207651721,-0.43877423006482014,0.08154246805294517,0.9498031560689831,0.43623622512583066,0.2662212107065409,-0.27904697410502494
0.9856278697458213,0.09986096881291874,0.5254079865993274,0.37468391965743186,-0.13740854166248734,-0.02079141169640304,0.1774936305946958,0.3894262777874103,0.181005837883252,0.6849259585924065
-1.2360405865034558,-1.1121904125806918,0.6932731453546289,0.06099322536850757,0.27604521470571103,-0.31280119624808433,-0.37515808024149266,0.10137542347108937,0.6054810679469017,1.227904837050768
-0.2624456775253407,-0.8787620239203604,0.679122241105806,0.13383657374043198,0.03128987652812067,-0.339501813457067,-0.16117299349292113,0.9057163933716815,0.4844965267826945,0.2713062991597887
-0.8411115661136015,0.21063679887700804,0.5223548557965881,-0.6706015383121542,0.004924599374012695,-0.016225208643976446,0.4841051983140948,-0.6446660570141952,0.4794340374917346,0.22311233228614172
0.4163491248319896,-1.0213996985411034,0.9653823027939443,0.26895541128647316,0.3654952037876334,0.04736326580066037,1.3922286701896016,-0.26765774161219247,0.07479587842289553,-0.117675776057382
-0.39716220447474304,-0.4136122834231824,-1.0005124092920168,-2.149115715489995,-12.164579677564777,0.13958443501046308,0.37648096734631936,-2.60978586405199,-4.823163230927344,-0.6447497366197156
-0.2317242419395754,-0.26323813155182135,0.03706984519426166,0.34217145015796097,-0.8471089888143045,0.30879404027035284,-0.32748867529836034,-0.5053266232121847,0.12477957338790978,0.5440025041489156
0.4453890974730194,0.47313571422224493,1.1315988777355352,0.2995669272083232,-0.818639270029448,-0.17622429101780726,0.9999272109124447,0.11540674861188456,0.13435159114335793,-0.6495465549883613
-0.08159024663939426,0.11928848796700034,-0.8449458398838218,0.22495072380215658,-2.788560379051944,-0.18051643987923122,-0.40687569518662703,0.7177413311662761,-3.8428173870764457,-0.7449350677654772
0.9654402406913589,-0.386091715921646,-0.44553913666449924,-0.3062188076833057,0.9620528221463825,-0.26265796744432657,1.6121405152313844,-0.17304943286088229,-1.7153377661884301,0.23762507171509237
-0.9767079431406424,-0.5629186246943422,0.0011459085644025258,0.43457796557142275,0.3725195613502329,0.18899575092206267,0.5760916053015924,-1.2271024391239616,-0.9296977672915702,0.629914445640446
-0.5146632610135252,0.19572937474650362,-0.7207621616310824,0.13741045837239665,-1.0715517533509122,-0.2836011985554302,-0.8032216395428536,-0.08998038746856067,-2.478503259363024,-0.09630389231594784
-0.589172305316687,-0.4687003000940516,0.07123814583319205,0.12451454407083416,0.18308232741729835,-0.3705774713778274,-0.4210303101353766,2.4686165477469135,0.5651535080602275,0.7573449532842076
-0.08426860326763363,-0.228923384896615,0.9244953276351102,-0.2178494738080219,-0.5693824627524818,-0.33667105780028383,0.24314150140490812,0.6756742594972192,0.4310581508836009,-0.98314219564788
0.15540523594057618,0.037614875772621056,0.8066301045138637,-0.4609739876867732,0.2124560844909799,0.15011402702606996,-0.08633829943308352,-0.16838758773522094,0.10057138757254475,-0.044761479700755266
-0.3222618812121346,0.6093519610131943,0.8411354400706065,0.48591092072683095,-0.28831299665157145,0.0363240057559017,-0.3587344153227109,-0.26913735136838424,0.25867436602792443,0.347990769787234
0.5959498501737116,-0.5437109588727784,0.6732565140739383,-0.16178619807761033,-0.517571196103335,-0.08086828743333437,-0.6228717449039953,-0.26868320919046423,-0.034584708771602794,0.5822441313446126
0.5740084485615933,0.0667169895403316,0.59966436788029,0.1453299067755333,-0.7971133438640194,0.10957283031662515,-0.7317412987112158,-0.508290942253321,0.12940923945359611,0.4683384513674144
0.9938189140063889,0.24479863081627326,1.122873982083109,-0.11286143507098757,-0.6862995532807356,-0.1477899355333864,0.7622908562889887,0.4637318913177776,0.2208069167787129,1.477958358884718
1.6364137532483183,-0.4785581400752952,-1.898507797326234,-0.3830356094118005,0.08241242812488937,0.1132435611061488,-0.1710383147235604,-0.3573515567645149,-0.033374309432770574,0.5393730008523571
0.44184940508136167,-1.1117793605074218,0.24311400027955288,-1.2842999066198015,0.0026708056206261746,-0.4562526494335912,-0.8343946779623591,0.0226251328722989,0.3726896105198203,-0.31238477834153794
0.14663234390313706,-0.6278450989752509,-1.670066741235454,0.2497158628153994,0.04366575376401566,0.17062584624982502,0.5836088866259088,0.04786040167218677,1.3069982330610743,1.6503873278832986
-0.695740380762671,0.44302369131172886,-1.7470212525347795,0.4850260114707897,-0.20160010129595948,-0.05823780656504937,0.07455775451715382,-0.0955634208423754,1.1901242283038076,0.6141104305489155
-1.0997730400705383,-0.3019899083358388,-0.9350221534446966,0.23741984261703286,0.2582168681309584,0.2269027777158303,0.603064553976407,-0.833327668705823,0.2752587091179829,0.2759688205304284
-0.15186261650634603,0.2518896349805069,-1.4825377091165746,0.3606119360266715,-0.36900050853327065,0.11823754934714065,0.5509583653415616,0.6180022125476508,0.9377786217735066,0.5733059982554801
-0.10289089349382308,-0.4344150681676237,-1.2412124660948949,0.562374096347619,-0.44508588432615165,0.26871119131529847,-1.2903642008816716,0.3649395037348095,0.9264880855903583,-0.5216948955899837
-0.3545871801238783,-0.9927564839753842,-0.7674923539279167,0.11600641731807049,-0.08976859004798546,0.017535406933023703,0.7709674445627123,-1.2867401426630467,-0.7595498032285191,0.3528912285645736
-0.5478721751510874,-1.3907438511565429,-1.528099427528189,0.8072657197266584,-0.7358727359814018,0.4082414874396249,0.6468181844915203,-0.9110831293591274,-0.29576520978931015,0.653957581555503
-0.727967293691189,0.7709954035657559,0.902198391307917,-0.17369171929331048,-0.5295608730052003,-0.43047840682309235,1.1723698213688987,-0.1624235595304595,0.4601690518700459,0.9001258129854776
-0.25025438950643675,-0.7283621025412399,0.7364082602019034,0.7315252368184086,-0.20775339211719981,0.3150532479791652,0.7057822606230185,-0.8776164703075373,0.026493819118013517,0.48995610723583977
-1.4980921263147913,-1.3235722924768492,0.711438976279343,0.7248010354159101,0.17996536582796335,0.5344971243416253,-0.8080480265465964,-0.23577495408141502,0.32559868707527995,0.13416399136509377
-0.3505264297413065,0.4988380627369635,0.8700799652980602,0.49045697452666553,-1.3082863954022232,-0.1538580018217816,-0.32289334202246217,-0.056116123716332345,0.04239099972434897,-0.09206493332621826
1.2864165026039474,0.5067372417318097,-1.7468248195176361,-0.0030692053758128637,-0.20749015920625644,-0.14876043843086242,0.12461060932529845,-0.721064240765239,1.3227436602617286,-0.2926934566576745
0.6748220096965387,0.44736709463694135,0.6841895744548637,-1.3120737607604955,0.3289613493657262,-0.17065508056920603,-0.016868266539549103,-0.8101961339552313,-0.2787670057671173,0.04681955895342915
-0.7196005728950425,-0.09500654307109567,1.103606206911106,-0.04586574450737125,-2.6993454330173394,-0.31004576942486933,0.8151243100913934,0.23466454035675105,0.19861983748065673,0.15188695698251556
-0.5310196828337251,-0.6881594937658398,0.933845309183317,-0.12836042577208642,-0.30118492583423867,-0.26987750053606174,1.50212232634621,-0.48236654107489885,0.2047488601450195,-0.17017317894890316
0.3048582945389768,-1.7138340013626088,0.4889832269346229,0.3954044036118955,0.4097181478665899,0.9985614020866326,0.12372663382726856,-0.4872513384697885,-0.3579942463551391,0.2390283220517998
-0.32441971358685373,-0.8325992730351705,0.37620949169874424,0.15335549351746267,-0.044625265755373913,0.007424931091432941,1.3164887584831932,-0.5208781371591527,0.28380124711401705,0.1734033529465701
1.092205051844402,1.2495771607596193,1.1735708350621028,0.5125194499302792,0.5942109755237241,-0.05545812132138758,0.06869088772484111,0.2275686048155516,0.16139905082151437,0.68951462056978
0.16333698729349155,-0.09581570107937187,0.9518630196455878,0.33105711522005804,0.15925380453078727,0.03310826454691158,0.6556624554923943,-1.457999464963809,0.03243958735080127,0.35714900812728245
0.4527857016059742,0.14985012834132747,0.3404232705837906,-1.3991421687562267,-0.12189084528686801,-0.37830286962256554,-0.10840673309720004,-0.7799790812954512,0.08698221291722583,-0.048595565448591276
0.8493026827402922,0.036143190539473694,-0.9399206973452885,-0.06913963142297935,0.6796506008903608,0.04241088267749824,0.5769727532680778,1.147709317763717,-3.704214140929741,1.1261181596970598
1.3513490572872981,-0.08072012791424754,-1.3726616071789253,-0.31398302768562,0.1267130982358421,0.4100288001526721,0.169962947985237,0.4487483584809541,-1.1408037242250815,2.2006275392192247
0.2725590613770727,0.2643200503608075,-1.9489363180329158,0.15648625468965313,-0.0769186991802021,-0.055496317688630996,-0.19703501050565636,-0.6447268868742655,1.150428016322232,-0.14701882922950935
-0.14481356486692293,1.2106342855959782,-1.0425541415974289,0.20316610807085161,0.1955223792174691,-0.06145017667574894,0.29791372266144317,0.7959888047615271,0.267884749756477,0.311860908266169
1.5339646694955946,-0.6467777218424792,-1.7617773144027264,0.19990656892195127,-0.44384132051857345,-0.11553325914788014,0.16163182786716881,-0.9698652574860853,-0.11504775618492818,0.356844483075565
0.3979501097035957,-0.13480452221033631,-2.0685434831015446,-0.3644820173760538,0.5976088283195667,0.28360292557779065,1.6591146261043979,1.0363019722504017,0.5600058379013065,-5.426511711559507
-1.017239210668437,0.2980045969108369,-1.2708906651018363,0.3678395154965599,-1.2954962978022937,0.19940482202480805,-0.3309249720938034,0.192750621873359,0.9356769944146188,0.06883770243716149
0.619349588345044,-0.019849066785435725,-1.760162625575924,0.6068493226641356,-0.40655700770232817,0.16545948109157066,1.095838953834042,0.5124236724555469,1.3648986835672672,1.2664740779151795
0.7953218627782174,-0.9341232735015234,-1.8034511777748026,-0.8381290809808563,-0.7789682346322528,-0.2690518784891685,1.8273894204378416,1.585117608595809,1.1392101393537544,0.579824454206329
-0.40935060446357757,0.4867122562033886,-1.685801092446146,0.39555047736795357,-0.41083150549132863,0.025899259787811414,-0.4211348405749259,-0.20521952216714837,1.2312136775195033,0.05582875660180697
-1.497565017469992,0.6158692650600565,-1.6002067083211284,-0.03058330743717164,0.34230404805670916,0.30379462469096186,0.09929503616074262,-0.06775503323500784,1.1422084492282834,-0.07808357202452755
0.3400865220518094,-0.24745262987276082,-1.902472320951895,-1.2743352268396977,-0.16895269411658717,0.1288127477597163,0.21420129908203941,0.04577494494673021,1.2153350226457489,0.048047754152940034
-1.519269356729501,0.20285285613537035,-1.356178784190273,0.22652304512952456,-1.073353634405698,-0.354778160583752,-0.6565949903429641,-1.0037590333957498,0.8750861473207966,0.2478680194720712
-0.09007435466722497,0.6570508825497602,-1.2553601074257947,-0.189104487493036,0.43057384202223026,0.03925892976428455,0.15743979475602196,-0.4451187487535075,0.5755634618346807,0.12046180363429972
1.725070738216438,-0.06697432580121614,-1.3018474369793858,0.826242240192074,0.49413643515473316,0.19238908932672397,-0.33934591478924697,-0.5844466405194351,0.7786001020426684,-0.6086997649376907
-0.2955727187818722,0.20011595903965815,0.7343089846713452,0.1404859929314029,-1.0556264054062092,-0.007609731371052319,-1.5868909623602943,-0.2961721350172451,-0.005950046640523918,0.1117596403233584
-0.14252314674156893,-0.39178378800899677,-1.8182867694188156,0.2542566650526461,-0.45626341058912784,0.04426375385567044,-0.007405193008324684,-1.0008821804386878,1.0753348176388746,0.525644238817072
-0.18055644935947063,-1.5149645259283817,0.9970585807414792,0.18930321190717556,0.029087978247176006,-0.050006240080846295,-0.743479027154608,-0.04293492675285869,0.4972728841811688,0.29289374974449206
-0.4173692333884007,0.10805619422002777,-1.120480367963451,-0.01512954338316661,-0.27067774593315763,-0.06576278825859086,0.7175994217875514,-0.14946515530971738,1.2653367133772184,0.2755031757792628
-0.20159462010206758,0.2701144694200691,-1.8492641487742927,-0.45907929331186254,-0.21566089954925957,-0.0786747871229958,-0.2765712484955536,-0.5986432183448995,1.18153635821164,-0.33865403243191167
0.4779169472417621,0.1437226242380068,-1.4969605589422048,0.42347357463463875,-0.9771915564326007,0.2541003243101205,-0.6498083013635371,0.19965598074718383,0.7346402500044874,-0.10706463903890413
1.0585928636715016,-0.5448608110259879,0.4673959736192323,-0.6847880161538806,0.23776945342690906,0.08028861892025047,-2.263212259142006,1.789441878569962,0.11761788888248695,-0.915168959661014
0.4960862155754144,-1.0825325441687972,-1.7013872240640995,-0.10529413440723226,-1.35764153171907,0.26696159469110636,-0.2715436399862236,0.43387139900715505,-0.9176896825157725,1.3842857199452943
1.1044225406599435,-0.03128707654472445,-0.817122570857961,-0.5595274760352995,0.21832421135324603,0.12075831735074843,0.4070834401037757,-0.018109524184277553,1.1713222658502176,1.4205065215904311
0.511456680023696,0.6680030556073882,-2.282471599503057,-0.10948348009698317,0.02717593284824109,-0.49909626277358066,0.24983116149403914,-0.665283688840419,1.407316246150159,-0.5769517982466895
0.4167114675073269,1.2007102839040105,-1.4638403864109257,0.7129926728526719,0.15902916131080533,0.2261593996329111,-0.2758286440683092,-0.1380675334124437,0.9622085928226289,-0.6286327771131592
-0.8999554668554197,-1.3031640526722994,-0.01842813313847979,-1.4115086520179068,0.7440546151063758,-0.40502123953370617,-1.2116987337976999,0.18940062763562746,0.5010959386303019,0.2366360517325362
0.4980019403765273,1.612509589383131,-1.5605840632132588,1.1747808833886386,0.00793489187847738,0.1989538482262364,0.24427040002151407,-0.4020796354660385,1.2140836055094155,-0.941708731791828
0.9133107666868048,-0.03568954595146045,-1.3202287899302902,-0.5177851137444525,-0.41415936515479396,-0.16970184154493978,0.19723932058082522,0.5700636649048714,-0.19304106691669495,1.3022827620675717
0.6429574680201241,-0.11986611050060204,-1.1154222536531264,-0.35990712999232255,-0.44320967400135897,-0.27665480500160095,-0.04427752144520476,-0.39324536299213875,0.7928916927100181,0.10230030297476388
-0.8738025694616544,-1.5862123928833667,-0.8388246756632886,0.7709761008683077,-0.7868211148742241,0.2576205588175582,-1.5256886373159693,-0.21730625166408885,-2.0253632288270667,0.7339703149260564
0.5711572775355966,-0.4451165502528994,-0.7812934517689274,-0.0721645035825899,-0.33882817925699066,-0.15894855547528677,-0.9192727547907765,0.18982120768494454,0.348390161866805,-0.459109383216759
1.220799746256036,0.8759989149209136,-1.7431746665182233,0.4458247591719408,-0.1046514786835063,0.03036563782837375,-0.6653725429820456,-0.8007857582261105,1.1328276781902822,-0.4740682612686828
-1.6695135427166283,-1.308714164331432,-0.9876446208792232,0.5288120108309656,-0.46011096974343857,0.4293822619449724,1.6575898012712873,-0.4091567372035469,0.8051992542401436,0.10128801710300987
-0.6083872593541598,0.8168102536706546,-1.7981409751311297,-0.8150822896629916,0.11748626238193381,0.17552579554192246,0.04331611570757011,-0.1165014972327196,1.1637984640134698,-0.5963416515290407
-1.155278741001294,0.9831502996257945,-1.477229401894574,0.895042884882574,1.2119606139140235,0.3188306586374893,1.0106055551266488,3.889015723010104,0.4693380983186463,2.4772060920445904
1.4187116957499821,0.14240993491418452,-1.614872725792876,0.5340192897659531,0.09109712158427248,0.33670985753604776,-0.4036779164149045,-1.2837316173599556,1.2480415755134882,0.11582816651081063
1.319985831664748,0.7372063976813661,-1.5696021340297037,0.7523418793929949,-0.515697096699493,-0.035991582529542265,0.6638258361849262,-0.03741015997763683,1.0651688416461353,-0.5540159627731529
0.9638705639829811,-0.7959053601051405,0.505886174864328,-0.5155626858664066,0.34868411446118086,0.9359823223999935,0.1963655531309157,2.706705210726823,-0.23566843903276236,0.5250707031555557
0.7117741906270117,0.503323165090093,-2.2746296823432623,-0.5609377823503825,-0.22887439072868002,-0.08164524097968931,0.09740704552358925,0.08251714592330552,1.2538524307450882,-0.8300714707030025
1.6601266184406245,-0.10340274663503063,0.8792223390007362,0.6668402557362614,0.17478847010755147,-0.26349600983927685,-0.6259090397662587,0.3585670582923337,0.5208065810320035,-0.8478463088746981
-0.3260186656009056,-0.28587431444761696,0.7611134840709626,-0.29152779003576007,-5.164457361595128,0.2781988379646004,1.696450363031768,-0.8015944328597508,-0.9410251659744752,-1.0195083302773142
-0.7434469158722543,0.4491705645839754,0.6222308014352003,-0.7349605870066533,-0.05122907557354292,-0.1288778058007567,0.07298878772022334,-1.014394706972576,0.41795990612935424,0.2998087857332112
-0.4861099376779966,0.6604244718995234,0.9091933401321354,0.41009279655484765,-0.3962071748498696,-0.09985418755958532,0.035595454867531934,-0.5217492857346578,0.2056073411624754,0.09663522423639008
-0.15107736721670603,-0.7423229508697055,0.3499196161561092,-0.2486139213836889,0.052142756958467186,-0.04621938560597611,0.21516068021203066,-0.35593238824231177,0.0305037860849445,0.2712220058582795
-0.9327684257866516,-1.677947118622039,0.74492011684043,0.48185896700700426,-1.488290030406971,-0.0791383026336977,-2.570612740334871,0.0027514322696915684,0.5685189131301538,0.34404238862145536
0.046578662340003844,0.16747369678857174,-1.6994784313389053,0.0600992358002444,0.8440857837516689,-0.0597668031231165,1.5133333989751188,2.3977715876510937,0.41590122109950267,2.1245280546773886
2.124144590221605,-0.5306825965826252,-1.4413569838753757,0.20875684260182156,-0.10398535091692122,0.21015742712421764,-0.5135731007015686,-0.623009866847381,-0.3685328307836238,0.1509251954341912
-0.4705025523964613,0.5177934055667285,0.5822913461325653,-1.0595198093885128,0.8928241691188857,-0.01084971164975379,0.7000027595121462,-0.9067343324287236,-0.544351491845101,-0.7957248812715656
-0.5744963474393954,0.29358357715724237,0.9090040742836328,-0.01085034549380095,-1.3836454599543244,-0.31328606068510045,-0.38525010299720003,-0.22470268106006722,0.2032680138093518,0.41711127520311425
0.5131886589177284,-1.6404954450384093,0.32575893400926914,-0.2778117856111552,0.5706254274114064,-0.3590200734595544,-0.4920676685791124,0.20448808129013582,0.5538437570752953,1.1741266689338266
-0.5642576371150096,-0.002319359799204934,-0.8698878598390556,0.22713263588300475,-0.3039800175354602,0.10531403351939825,0.0753702279854083,-1.048111986723325,1.1141991492605579,0.6160999562643886
0.009517467926807377,0.4362638864253565,-1.5198269301845464,0.40018576875948464,-0.14253574851393824,0.2324340044298669,0.03765783953052543,0.2370390666798999,0.9780716862407517,-0.04603723710442625
1.3427285683234227,0.8272138753923872,-1.8371527499018063,1.3910219150256957,0.5969761123394228,0.35640546505277837,-0.2601850126401008,-0.6538819405951617,1.466108997588216,0.1377985802492571
-1.4468772176494051,-0.7699086894053764,-1.4645029713077966,0.502941460041022,-1.035978257886056,-0.039700911931716265,-0.7719550978764572,-0.1833593080454278,0.5758836449731316,0.7238673550637691
-0.6221071581623239,-2.392761286556677,0.7515142059976684,0.6427646036656299,-0.6972240088251733,0.02142143845751791,-0.14724296140207388,0.23132123995072387,0.32192756686265855,-0.4867468020641619
0.12132546786748567,0.42228407381615146,-1.9078098745965542,0.1659266806462117,0.022164711195237056,-0.19753045497659283,0.22133127459572996,0.007118870111529934,1.1401676710463433,0.4750524190210898
-0.7969297610407364,-0.5661100637092981,-2.2614882512275853,-0.17436823190989725,-0.1348104398181694,-0.0465809459613437,1.8849024301906434,1.100366969430768,1.0867058572128283,-2.156726969421483
0.06147934789609651,-0.1432691589065723,-0.850928953326343,-0.4331694118356918,-1.166973049136388,0.2336185340844987,0.33989971664978763,0.4037389281824086,0.2735497710077129,0.21217792356018117
-1.0763754953134426,-1.0491120478861018,-0.6829570937759532,0.406233985097233,-0.012573309604123228,-0.10936804585030806,0.9535113262591052,-0.8973969749667544,1.0274031778628834,-0.1274023978427867
-0.5747769853567078,-1.9010076017187083,0.7066483969555928,0.7443535405934433,-0.4754323983362615,0.4149067204736525,-0.5624014604954498,0.709634751423292,0.5501034885942298,1.1357892305997213
2.0609563290362174,-0.3677214873327799,1.2159365538089701,-0.35845559333683247,0.46413668451832735,-0.03221486458450348,0.8038145428696867,0.7244062975433717,0.09753563451411539,2.043567289907344
-0.24558939365390042,-0.6601219134879291,-0.8040225966891493,-0.1767451763400397,0.3624963654255798,0.10603472598426067,-0.5640454106581015,0.30355639214618485,-2.4057975417082855,1.087795018776751
0.055806462546995284,-1.2611220705466215,0.7211327067359391,-0.2981772074858424,-0.9396934980214482,-0.5011548921625912,-0.8236027669206525,0.09706709233060314,0.4159875271541038,-0.17290154141807862
-0.20408565144770602,-1.8077348573084366,0.8210391004922569,0.2867125943042886,0.19441711947013282,0.05257074286836688,-0.11299339989905702,-0.21748981885589827,0.42635000183650273,-0.09227841836322463
-1.268711004084122,0.7117057955929503,0.4102858485386198,-0.42074022261509225,0.1489686522866501,0.14799498270710723,-0.33340816075260327,0.027822723087604494,-0.19342703062517422,-0.2121102516577392
1.6217991725343632,-0.9689416099734428,-1.9117469181652005,-0.6308343397576691,-0.03479567142678464,0.00342275837128738,0.36559294126732894,0.49738963321672214,-0.6721067223943457,2.062787368194448
0.60415977187892,-0.8843482952813615,-1.6132082359654794,0.20712413507376212,-0.46793070662511327,0.13572339801606362,0.42118557063797124,0.2823744806877404,-0.3004310115897676,1.351691991443516
0.6840574194965883,-0.051020427437780534,-1.0413746485101543,0.9357885381538049,-1.491637304468642,0.14117170231912365,-1.2354827217208293,-0.1150599922720671,0.8832282642388302,-0.055204976155966756
1.894401086479539,0.19514073622756287,-0.7718340843578888,0.00039258962742994165,-0.43195690490539956,-0.3254205671349968,-0.0007821348630290808,-0.21677616306288422,-2.16041317782516,-0.4937981181333507
0.5530844154203155,-0.2890227058710962,-1.5686414428563358,-0.40549426280236056,-0.3533782602200872,-0.2994273575167304,1.568981544482884,1.611838663738118,0.7109541661072436,-0.7365224954156698
0.647210121942792,0.5567098914964674,1.1348496503295338,0.08936050552054609,0.07358302400488112,-0.20843390086551694,0.2768310972527714,-0.4444438654030878,0.23569953531979548,0.19922929016828916
-0.26283932093245377,-1.0340404824697262,0.3038401525896673,-1.0813298935303888,0.841763356251724,0.3397407768603126,-2.411810996407137,2.513263172357254,0.08587121969619446,-1.4454969257507821
0.1363382718493573,-0.9543033062475773,0.3124246368333002,0.18019507332184076,-0.784240407849888,-0.0062408948198264015,0.8317681396218833,-0.15210251658347435,0.7471647548985167,-0.01001600073245196
-1.7920935741972464,-0.6019551826808589,0.39308283002268596,-0.7485347176691605,0.4173438923007534,-0.5478040485470718,-1.6581848066324452,-0.42668068207171767,0.8553972971250879,-0.8040975162634953
-3.3532576524767195,0.42916493733469424,-1.1672241086254544,1.692208991412162,-0.5473465895586427,-0.05985679796013851,2.714261435963197,3.4148403551085194,0.8726757241517727,-1.0083860192808007
1.0626460382933418,0.3081907734620652,-0.95639449334754,0.2013165984828458,0.09127831232331923,-0.07036595102532019,-0.027630930713357538,0.38150629026588045,-3.4861753727448623,1.4813759594389744
-0.9237174662128952,-0.20968652876707075,-1.563810071987767,-0.9635965452347195,-0.5743631891239994,-0.47195238968097575,0.42251755722930034,-0.538811205602502,0.9892586428826232,-0.21915539357420583
-1.8207715121082741,0.9749492282112128,0.40135028021681746,-0.15277366173041917,-0.09509700696030698,0.08324339300893059,0.10565308647743664,1.50532709477088,-0.002654123626760329,-0.3844289496614831
1.3377756706783501,-0.217375022715145,-1.010348397339301,-1.0575729788065462,0.056157968564094114,-0.6368576377247118,0.735656459510307,0.357486003709071,0.1396999164408184,0.5874494804919624
1.012219967549336,1.1984569084483112,1.0694170440021784,-1.6172190762238354,1.6396290450934705,0.3520613208462695,-1.497386037322661,-1.4641910309259596,0.10591357788899666,0.7836725377019952
-0.14624453745403748,0.48779538150160334,-0.980287060071278,0.4017908185727521,0.45858467181927304,0.2843128559046035,-0.13678179562707554,0.14566139093891395,-1.0570595027999956,0.8013322907223498
1.8380018387875652,-0.8910611799370302,0.6629988952428336,-0.22886612439619472,0.3361770160244739,0.10279640763340318,1.1522110060288198,1.0064961625983369,-0.5720961256232555,-2.443354739650371
-0.978009104122256,0.4014468643131378,-1.5855804952503507,1.707801152891872,0.5199722846297978,0.5131647195843425,-0.20171430215071787,-0.9887457270624309,1.1123746803317938,0.09379956994538216
3.541247793555126,0.590629850312494,0.8027904626944816,-0.11066762066344815,-0.08521909363981058,-0.362979393426509,0.2545092269418774,-0.3214416935905787,0.09866896343115196,-0.8668632333866716
0.09701823755248254,-2.0825929171386663,0.3905503692659866,0.2269856291808079,0.8137402365197539,0.28486550321788595,-0.6840872847046238,-0.16989212075685897,0.09197352589544211,0.10042287652329057
0.6251459888555428,-0.603727176708286,0.43146743266235577,0.14016197884364748,-0.5045093626463297,-0.5629804378016411,-1.0950045260631758,3.311408474987553,0.11739519223774607,-0.6277065192986527
1.8818908501289284,0.5496461527651414,-2.0416690947724834,0.5656319599893209,0.45903982353289674,0.2841716223110459,-1.0616742001980992,-0.8003722276576114,1.1485665408276742,-0.33915918861375005
-0.3750468967678989,0.41252927282956386,-1.769465106062691,0.3726907314599673,0.08468056365237629,0.07068335887191587,-0.3368202808287732,-0.44979957529517617,0.9883556222051885,-0.09781080195137484
0.051694321903933284,0.3321944776179012,0.8884963812025505,0.20720032303324784,0.24799196765064765,0.053538328632759494,-0.05059751985864888,-0.2905202256497816,0.12064997404966953,0.01970584268351514
0.005037104212264774,0.38327677072693905,-0.9794662747052207,0.9213926400211189,0.21558911339770084,0.6976782344707927,-0.26770671236660165,-0.553860518713115,0.18504921550530612,0.43974859162488433
-0.5888189538286569,-1.8157329506074644,0.8385539306678119,0.6156218752486278,0.1871315160881792,-0.03074542274816296,0.23807109555593486,-0.5060129888798799,0.5471497777326635,-0.10927172654993675
1.4258795776400859,-0.5980881813539216,0.9296461481305809,-0.8340409479544979,-0.021849658490778297,-0.20547010415935726,0.35451966890503506,1.7896304605388202,-0.009902197800213008,2.211232125915501
0.4939554328314673,0.2419558861674462,0.607017733713871,-0.21163614285173948,0.1513899044253157,-0.10233230249356691,-0.18671856979488252,-0.9496895279110069,0.25978187126964064,0.4405707283580363
0.7287453670640986,-0.1904442437413129,0.9718727965563976,-0.9972132205640876,0.09152582203316696,0.008072072001571685,-0.4233463877228642,0.17246482452032036,0.1903588014203156,0.43454314447971604
0.25314020237633,-1.7689241407726644,0.5200839128632121,0.5907683073751537,0.26272775694196787,0.21352026896786305,-0.2938687420290135,-0.4530004557718232,0.2900992710898114,0.22202671990110712
0.1575683070100567,-2.0578249235793185,0.7313550724282604,0.23848532330238512,0.42427193461060225,0.0738027894507506,-1.1474914143745285,-0.5936289741101605,0.6703545098508418,0.47880543974630846
-0.41222834293747,0.11047381222519903,1.0591164322724849,-0.41587176470922144,0.33969186061439766,0.007762246264528294,0.2409062074380804,-1.7648622902943851,0.29664390013276853,0.56219348031114
-0.08684724875713498,0.07973757719226908,0.8243372489593689,0.04684066895088769,-0.8657942946129398,-0.15638821930333568,0.7551671621419414,0.5209104632693814,0.26653593115130114,0.83721960159496
1.678682037149751,0.1778584516333235,-1.812246560711851,0.19521417439135452,-0.3119109030008049,-0.08638603087073753,0.6302038399717146,0.2624858367304893,1.0801131671204869,-0.7372300360165333
-0.5351656953734242,-0.9619998629497183,0.7357264888225881,0.8099815708358129,-0.25122407842985445,0.053565415839199756,-0.4445384080288077,-0.14475429214904062,0.4296051684730844,-0.37336576941009175
0.7330319763900454,-1.290503615659795,0.5835480194783873,-0.008974909685871373,0.8657734666898701,0.12678462728718642,-0.8517412918973115,-0.08206603735835863,0.1101634102902178,-0.2555559691873491
2.1100504200660692,0.18537022912296786,0.6340460567107672,-0.2744920172250184,-0.022824371337233626,-0.4058153949494743,-0.24815384093685333,-1.1613916712583332,0.26861375585323055,-0.0998463051795973
0.7433297347960623,0.6452601745683861,0.9602673018480344,0.25391569388255286,-0.2204075540935885,0.4374510591964878,-0.6489322289147473,0.34143928683237146,0.08057419132788224,0.3195703278436597
0.6525338354121276,-0.6064871679181879,0.09282107293836579,-12.036777437863728,-1.2614005654139968,1.3766300821358617,-0.09757330356983451,-0.10405639674886379,-0.06819894010692405,-0.2903714524220705
-0.5158391368297329,-1.3323716452403784,0.8317997611556746,0.6706099844617706,0.12149785670699523,-0.21944906407852316,0.738507818243507,0.007062955432168052,0.4196550751487255,-1.2924764980178998
-1.521802756168647,-3.2052994691206713,-1.080486177802051,0.7527878425108215,0.8909034742872856,0.32461162646936204,-0.10600224495516461,-0.3317240795063213,0.11086735951547,-0.4322202050697307
1.6779739286561668,0.17427154323496363,-1.067393211125012,0.20762055242121302,0.38508685367744994,-0.15322905193593367,-0.07569228819148678,-0.39737437778229107,0.8918304952204115,-0.21667469687382138
-0.46847288564362494,0.3212281493516774,0.9788108131834122,0.09581810986094935,-0.34374296337902643,-0.29266455719115053,0.9998135650002009,-0.29541846947101646,0.12240944085416983,0.9961032281532745
-0.03291752463202513,0.08382722042130275,-0.2661651754316323,-0.3287082442325079,-0.24917783268230428,20.843933201537403,-0.03885568720804141,-0.013091617954399207,0.26551060480274474,-0.09756277217332536
-0.39766727518190664,0.4565084689396553,-0.03855377867564477,0.3085847803798797,-0.8421131061864787,-0.18625254894963386,-0.7945796232079788,-1.3775430297305795,0.18062769728147676,0.5139134274810744
0.3453014230458748,0.2325394273076965,0.9770579011572579,0.2463487369112585,-0.3916010565039815,-0.16215358877391073,-0.8112245021051637,-1.2681200965945363,-0.01361665350494725,0.3520484146194983
-0.8130697780110473,0.7456405274884572,0.3313651129428456,-0.41586896505801674,0.9376994348725078,0.5543576779182784,-1.1141761983784038,-0.48285884544534485,-0.38263333702829977,-0.19137742922976256
1.3069906296040628,1.6408448098379083,0.829643973465787,0.3879619092724082,0.17239188020410776,-0.11037210630252063,-0.13629084248726328,-0.670866343148478,0.32427234235985747,-0.4159598341171952
-0.6684322984712375,0.6364965742971419,0.15312760224359373,-0.561676693186015,0.4108379536764005,-0.004154831357118057,-0.2827226376554377,-0.7111365572575427,-1.2457990148738738,-0.009832372748263115
0.2884806355125641,-1.6802404325600457,0.7510026916209362,-1.0518904764020323,0.9359132511446492,0.9540128238038179,-0.19780118400296706,3.2988522384944963,-0.3938728754889724,-0.8206909628286609
-1.3420714481772251,-1.089736816055782,-0.9476172232820044,0.13713314451204806,-0.7650468287556412,-0.4482773506292548,-0.9574165904172843,-0.38322536297426957,0.5842008153257671,-0.2896048981970378
1.0074828597238124,0.11583422641041052,1.1968421061845573,0.07344217177478264,0.30502635436004716,0.054306446764519255,0.34493903139302107,0.2382464717873136,0.035206170666447816,-0.1517879162911254
1.2035833795750206,-0.3143185967513201,0.8754517915940506,-0.30404115757740413,0.18735974774345207,-0.09440520934983905,0.3702027759273734,0.7410153628407724,-0.03561312100059486,0.6360130652688704
0.922069641600564,-0.8478859852584252,-1.631021216575591,0.46298910907850477,-0.29512143221042586,0.13068505092283358,-0.505178354980772,-0.7266551548164432,-0.31575528470902053,0.8967765726691399
0.0697828739251448,-0.2879714274365645,1.272479808186944,0.7099311728654377,0.27624846035762296,0.49758076188979466,0.7495064780925431,-1.1066011841110805,0.028526131032043742,0.2848652310475899
1.7942203804273633,-0.8360186106382769,-1.6931200392658772,-0.291205977686906,-0.37712240411003234,-0.27462993125050067,-0.023514827165323465,-0.5460344739771267,-0.3890671982936323,0.49860457651068424
-1.6281311143901664,0.9303142381034477,-0.4041563361469808,0.9116933938518006,-0.9993611070359262,0.20018075858101822,-0.7239828775729076,-0.2841082769172559,-0.20356216246213907,-0.15713327819763215
-0.03166228007700697,-0.08192620321563383,0.9124458296710966,0.9440045507933866,-1.5171472750064903,-0.12232066557120821,-0.8136077008424941,0.3901806024444206,-0.10234213981882,-0.5083901385079157
0.45556015248269127,-0.7402019869241727,0.09658935675648644,-0.12063926336897635,-0.11366686776378192,-0.3129032334110732,0.3438972014434842,0.45918536149499556,0.7303140540464557,1.1268837104220122
1.2569596885005971,1.6728688852253855,1.031376318128886,1.1032909872585142,0.48457733630973365,0.00809536131901884,-0.0581497466103115,0.49229251020928966,-0.002981970681507787,-1.096607241044322
-0.5441534523455428,-0.26400675524154654,1.0274809432904113,0.2879954989175147,-0.1319859065470783,-0.09664373445533549,0.631205849367632,-1.088406733888685,0.23005184370397966,0.06720494213114127
-0.5350951400997478,1.2384738995379512,0.3704816926643865,0.8077859309194351,-0.023348299020237828,0.4925962520889461,-0.043496494114104355,-0.9367257481697815,1.4135977592064077,1.4802958876345174
1.9186945893202771,0.0020966500377219573,0.9312716780911918,-0.3242561579026847,-1.159733358466749,-0.38411806802582005,-0.3422865659299546,0.09138697065031531,-0.013899228816667004,-0.17513797396462102
0.5672247612816769,-0.39646900251872724,0.49130662209828824,0.199766720414466,0.9725287358728806,0.6194876052422797,0.005266325209875989,-1.0287022603482627,-0.7693875271274127,0.09232290737336075
0.12466777402040066,-0.5891348469139781,0.6296094149861903,-0.20755760085338454,0.5471262255703504,-0.24820313495302518,-1.0526813202051357,3.602802269585511,0.3991782106039428,1.0867625161873977
1.620781159498114,-0.2218698502766135,-0.9345797327164834,-0.05173234353067294,-0.12253444754550599,0.10255150106412399,0.049623109454245785,-0.22585193699992953,0.603668520046041,-0.022474750357259418
-0.362857701993955,-0.49771408765737846,0.7144518187438997,0.06605804343919079,0.6602800040436259,-0.10161717688131176,-1.2188719251420537,0.3184019177134619,0.2824624841777979,0.8371386801956513
1.2701127765789701,0.044506047701371405,0.725640663591933,-0.19660629567382298,0.04495306025881477,-0.15372675019256563,-0.40399813339797913,-0.6389253934186431,0.1426351594416072,0.30702185887614447
0.36810712061585893,0.13039399332965293,1.137003224855696,1.6576877961762533,-0.03424336332121326,0.31476752612946707,0.8145785008293561,-0.8219145403619071,-0.022506102762697846,-0.670456384803442
-0.02660644803515911,-0.9023852004374582,0.8566147110577085,0.17898518511884648,-0.023299154360735954,0.002916162389013322,0.961033180278107,-0.6063708204771214,0.12834476503706696,-0.11663547462451761
0.14128560216711222,0.34864141328436177,0.7056125613013642,-0.8313316874931052,0.6003342974605871,-0.08133255294099356,-0.4617492990378191,-0.6881744809924459,-0.051533278658571595,-0.0058068083652773606
-0.17019784200998808,-0.7675727286718014,-1.1133685845367731,0.19991089774922355,0.0005844246637582776,0.017773072318010025,-0.24079361711196481,0.3633273012093674,0.556363011723832,-0.6370148957805966
0.3586811793601118,0.9635393107054754,0.9890378317059837,0.17038353709561352,0.10592875762965513,-0.07604431991048927,0.021970717258185737,0.8313258764807427,0.028166703233779813,0.7503355718560696
-0.8624930079289999,-0.18539595340260834,0.7791001787887374,0.42378897544134403,-0.4108971845477516,0.1590271808385709,0.3095836138902272,-0.11092543519516991,-0.2737007722691862,-0.33536555729431017
1.2392985204629339,-4.938305103289033,0.7929356503378185,-1.3031406785018813,2.0391705366221857,1.354197984352845,-0.1595699884853754,3.3879194234096324,-0.479903296337177,-1.3849947391070994
0.7085167803516024,-0.03134123373627459,-0.41733334530700583,0.04690061243815547,-0.5387230609483478,0.019005977122225765,0.40082700316142295,0.011176477959935338,-2.3379367615770024,-0.08142018321612256
-1.440764997014854,-0.22955174774468248,0.8978562668926028,0.41282078166377023,0.06435293380266877,-0.01159556710723452,-0.07085483684734564,-1.1426284306682766,-0.035673112057463,0.11194141983231652
-0.42786691796220994,0.39011926594237856,0.5363485853946827,-0.5311119720800197,-0.3316619840610133,0.07815733066324171,-1.2249513870882036,0.08282023041277614,-0.011093940018420146,-0.13476193430345
-0.6961860947036729,0.4779927900208167,0.19580854195555772,-0.895681079356704,1.774455360290801,-0.015498469580679118,0.029510449162765,1.4797846770637924,-0.6954501670382287,-3.0174464000935552
-0.5120836804862503,0.6860333956158814,1.030134034529336,0.6437308063179769,-0.027601528069291625,-0.34962699191122515,0.4151703650989264,0.8806647793749217,0.2608527274403017,0.6345741953902699
-2.3427392659734774,-0.9390884782473654,-0.1052988553292431,-1.5498529024529544,1.5772220810115576,-0.20142837684212428,-2.0963159657734427,0.22158399639868967,0.020648731802418035,-1.2098294161268832
-1.2523767088243611,-0.13919157979286986,0.9277646618741037,1.2774703057806898,-0.6251270183444576,0.14641933832928636,-1.905351972170255,0.008752640790055794,0.4515625707962232,-0.0803985363494719
-1.8925280478242343,0.6223321375414629,-0.28973149244643104,0.9622317974529764,0.1820424669439476,0.5716415921698578,0.5931818664866909,-0.15789195995961322,-0.2760315970573539,-0.48923186113173855
0.07078195898046127,-0.8325717899472049,0.6543668501567222,0.0989547352137707,0.6061906566665032,-0.1720542451732452,-0.8041013326850985,0.6624284218405853,0.20964162359973176,0.6101679017324743
-0.2142356368031911,0.5272850825895342,-0.5679744368974665,0.5598952753611997,0.2525752237494258,0.04101015434012857,-0.404569298295,-0.08350233986985804,-2.232033165180055,0.9459460535716483
-0.8284773265044357,0.7069806974300616,0.4767310184919414,1.3480877523956076,0.0015150045398996219,0.612287351952662,-1.468077794662032,-0.10696233694436369,-0.33100204785089676,-0.799804755644578
-0.8506092607563313,4.675124825212189,-0.4503193105358762,0.8937581558410692,3.561562238360679,0.5125660801229368,-2.6011439532666696,-0.06332143399050508,-2.2924480772883316,-1.3627486006720473
2.2746158734796746,-0.7498544993773965,0.852563546615067,-0.5066471535865571,0.1776867666116402,-0.25065098621864423,0.5283410413697913,-0.3506801411959467,-0.062413692330239724,-0.31442336729170434
-0.5644382246435957,0.6923088066631337,0.8922402313882334,0.13454582466566156,0.4065134593661606,-0.11103651577597932,0.5260312512212322,-0.7390296742978507,-0.22696813776868802,-0.8692085437586554
-0.3858028276338505,0.5118022071674205,0.6545851769453286,0.3487199489883411,-0.6930041750526368,-0.0740259865810077,-0.4633959886077437,-0.22506121795728087,0.24978555256088425,0.27933782894101494
-0.9128088721013415,0.35486508564696184,0.12972099533925202,-0.9715219238328239,-0.012582119809416984,-0.4208169812719069,0.1506088136702146,-0.6594814434751191,0.3506354518821357,-0.2728009198694418
0.689910124143786,0.05807353367243676,0.9207396969787708,-0.784092309454664,-0.27898839582838225,-0.3996812067476424,2.4719724230938938,-0.5038808632989805,0.19098737037532776,-0.9372938552949646
-0.6507260825812053,-0.30428231801518446,0.9412968732809912,0.3068502030579565,0.45010560269319455,0.009285747873929794,0.36086221897333903,-1.1011650445527275,0.1403586045261519,0.4862594057027013
0.5770494496728712,-1.04191832454321,0.4734197831621193,0.24694927874168762,-0.3832894163658377,-0.04598099856779177,-3.021243674326933,1.4266235054786627,0.04736929233690091,-0.3635835597526326
0.4790503491770532,-0.5197062476121427,-1.25986935720553,-1.2897715482600336,0.6047421281171409,-0.44776207737988594,-1.061390061486311,-0.31814576574575104,0.01587808728818305,0.6299124741066761
0.9750788030946372,0.3436555806733462,0.6900717474519332,0.06104934512149774,0.10780566651117876,-0.04835444223263333,-0.2088850454583105,-0.17159676822117664,0.22429138285240105,1.0733739897714094
0.6375614217689223,-0.36880420834901195,0.7834468229039973,-0.7882883687375254,0.4155424945802894,-0.24008451038665485,-1.2389468013229927,-0.11262443858124914,0.5877160505279602,-0.1927111290875835
-0.6398358040221769,0.3331603310199813,1.0271885586383493,-0.05149555232930568,-1.141742108218604,-0.037677017750602323,0.005859020499181664,-0.15325328375754352,0.03641861785012522,0.11199517720019965
-0.6396918739744972,-1.3590996528577277,0.8497625997336181,0.635279615353341,0.6958826742120904,0.19791981787463855,-1.7450325616710725,0.005181361746713457,0.7332295035735035,1.5825831237521102
1.750862453227859,-0.4480695001502073,0.6285558614518876,-0.14187549373134264,-0.2861404065718859,-0.16327868116114921,-0.28558488980193664,-0.2665950277088411,0.07451462179145923,0.1766297880728448
0.5331891031301443,-0.7676753707307622,-0.6864033548304728,-0.24491577192211983,0.28136346259471195,-0.3295146330272736,-0.8795099947233291,0.8407840868143963,0.3588531777048546,0.7152995544051894
0.5440914355336322,0.4763696024737346,-0.9978763786601469,0.22031524432478214,-0.36320065953830033,-0.219352723519512,-1.538822853888941,-0.5404414259455038,-3.9008577346014994,-0.25807955379301856
-0.052786197720556045,0.8026369973330458,0.693423037269354,0.2474621682397011,0.40314937743057355,-0.020420160551671323,-0.02252588236946036,0.04759185813600097,0.33894217298810164,1.102448911346578
0.26592722247969847,0.45682549916955467,0.632240571369589,0.17899506250152603,0.06426024137771891,-0.39154636637414697,0.5668991251310188,0.08854289805426613,-0.27527655924426775,-0.4051571743671052
1.0628390519392377,-0.01810261873202313,0.674279425675236,0.059461662506961784,0.5892791241102904,0.04211134548909354,-0.2649413194039736,0.2921263615265825,-0.11864689347662033,2.60261429558965
-0.7509254380699498,-1.2729842502023845,0.172015701885281,-0.08427217198235336,0.6471349312255573,-0.3504085386967943,-1.1032040831704932,1.244906113343756,0.32801200553366255,0.7221125708419884
-0.6999995994182308,0.3965905996245962,-0.562120867155665,0.04456110487272428,0.07674379663097139,-0.43045473588743516,1.5247005935761793,0.8301048982282191,0.1484966351767736,0.1065777025091815
-1.5376582884002057,1.0007657509732915,-0.2244157930971751,1.4714996136829477,0.15914086559091045,-0.22273357461503607,1.2095621203826612,2.933160386295098,-1.4658933056497123,0.4520979697422166
-1.487091543857456,1.5171755823930702,-1.088223842302178,0.11764233458200117,-0.46806230262395615,-0.2626077090127205,1.0279054037725932,0.07157553848580604,0.6041712453943772,1.311270960914653
0.5135500536916429,0.443117333728931,0.7206722364869866,-1.0112160316759151,0.17563687857900342,-0.35295781661323783,-0.3487048060095762,-0.8628855855141022,0.2446243517893728,0.06528207155622298
-2.6628535548540055,-0.3883403143394111,-0.9239790332557994,1.3905103074119611,-1.0342371548776585,-0.6392283356419375,-1.9319415212257596,3.79521854484055,0.23884199152215244,-1.139704376092214
-0.8146658529797194,-1.0880556113039612,0.6569418435167199,0.2382411321949472,-1.0755490485345713,-0.3988757231310378,-1.166085050804611,-0.3533830390421957,0.50560828582186,0.048241527229569495
0.4627519368570912,-1.3665358974001587,0.27943372219997703,-0.5688232295165876,0.12396204483207245,-0.19763196504578212,-1.0073166727085432,-0.2707289434016515,0.5678091103273254,-0.11302376024598457
1.4949252592020668,-0.34622982554918896,1.242348644629889,0.2854873089843056,0.39550640150417443,0.24622879566773265,0.6513871759985691,-0.9109608356739699,-0.1604460765590836,0.10948131092919751
1.066392138673269,0.18561486411324737,0.8359608343748178,-1.584231907076022,0.6315231839153188,-0.14531562696841496,0.07173004430490242,-0.47796825075692323,0.22487671964811096,0.35380054361158964
-0.6867084433641663,0.7620256803066315,-0.9171378777508563,-1.7494239476177158,0.6634813664410909,-0.031128222592702096,-0.6048068819893607,-1.1236152563842212,-3.4653589847273665,0.2351249484081124
0.15356224082666137,0.7353286995957138,1.24560723542493,0.2944631571706479,-0.14923303134164392,0.12121688030160921,1.1556348773659775,0.18401721534165502,-0.07983459904168068,-1.0211645502294253
-0.47729936376259496,-0.712342907304973,-0.47070718088839675,0.4684787038910849,-0.2995332022806488,-0.052387868566308005,1.0498282331229145,-1.0037878808501028,-2.2969029810202883,0.22898491431086557
0.10198864783583349,1.629932052862317,0.9653009882612367,0.0759144769714043,0.32849234015224427,-0.21323803968429764,0.07292336672993549,-0.5175478112726773,0.20426492604002652,-0.12022159945849469
0.5523491992276998,-0.22390978147269508,1.1863633099570112,0.6602733235714476,0.3494436074484889,0.48934760737451743,0.24740783350867293,-0.9769045011471463,-0.06327000844263975,0.16721878169579793
0.006165671155826483,-0.8132493873461473,0.2372566434733509,0.8686313145843367,0.031626451636686544,0.25201254937614453,0.07798065415301703,-0.8444854322525176,0.53982588848313,0.4907134189386519
1.7085574511213066,1.132300063904555,0.9541915571526731,-1.1560281678959765,0.43253622239623823,-0.16097294281402388,0.04190000386561559,0.22583302317731585,-0.054253710889807856,-0.9820970018338461
-1.2086088681772154,-1.7969729806944108,0.5546172577004113,0.3912141824742053,-0.2762543225225708,0.051806680721183725,-0.8216446026395448,0.28529696082741285,0.3044516884961564,-0.5348818790220308
-1.2861311744434423,-0.05396282173687548,1.0792974444334968,0.8266024444004687,-0.19718874293865163,0.04517777096359119,0.9749405116350756,-1.5514781120618497,0.13830588425555462,0.33083095827388087
-1.2241696146799868,-0.1562250363120737,1.1758611192605362,1.9618856908543594,0.3671496408268021,0.9055588084144954,0.4735747597186141,-1.3966006389841221,0.1780459936550569,0.6351709843249282
-0.6196304910982418,-0.1528432383456358,0.9059273828882948,0.9877782186388806,0.24198982612105444,0.7767944805647778,-1.0518425751516478,-0.6311530822262339,-0.2108252929571182,0.0969449598093788
0.9456932688456828,-0.030895617086482544,1.2682418349329543,0.43851846643285397,0.5294146365338502,0.31271886267535876,0.4262956065566141,-1.223032945669497,-0.029787687529815695,0.2654018277085436
0.5133565860174524,0.24103733483369502,0.06156543719027794,1.3659707715854439,0.3477626786224196,0.3981278143718356,-0.15786173811331303,0.03256900773088378,-1.9662194138994327,-1.0867492992747492
2.1659605848121095,1.408233501534465,1.254282541683718,1.0735533769106707,0.36443345352029444,0.06214255811904237,-0.7168731716254022,-0.4360789229163301,0.09361137847974726,-0.37893128475296245
-0.7326754811442765,1.804651494675739,0.9911437266748119,1.1407666606474165,0.05608144510060997,-0.19058828303393402,0.943086872939374,2.326471622638432,-0.15908690934111233,-1.1204099801334777
0.04258164452620609,-4.762127774061149,-0.07603760034188624,2.9147099272967383,7.302794632718428,-0.9359426338686625,2.357778010007636,-4.668792319040383,-1.9130221661767666,-0.28089480342337114
-1.5379439719683137,0.5573060331560107,0.46312309450975464,-0.4392745520460681,0.3469166776819177,0.3806968800175104,-0.7906331565631114,-0.29151213977959833,-0.12476879683396223,0.19684789861884658
-0.5687112392637639,0.4438200432852149,0.6460297561284065,0.5398700391690808,0.21420031596566996,-0.036844483853305875,0.2609176997889137,0.09157419469130314,-0.3013716963857592,1.8552805486830763
0.24069485893598305,0.7966841539248997,0.8878737739481397,-0.035867226218434516,0.263852211646863,-0.4541099954194341,0.6704582158146338,3.863269343879786,0.051844738598588735,1.6193817570260844
-0.636849485948083,0.6587106917455081,0.38022493942525604,0.5680255404819362,-0.4312917057965809,-0.3369484236083263,0.1992642513455657,0.4360377098100063,0.7470935963578573,0.61001907968883
1.0262577925100818,0.8231282469334937,0.7902785520979154,-0.6069825111777396,-0.08839685858116027,0.014679744720033583,-0.4069038811929122,0.3199105855509203,-0.07497360966783471,-0.4673583957810909
-0.3276134633748559,3.717912600492118,-0.3663653474401846,1.436446789357002,1.7171315348819836,0.07551504324571363,-0.3684163736802937,1.5543968052947337,-0.569193655845975,-0.8136453046605064
0.4781598527252913,1.0241435180386893,-0.41148280305732704,0.06666112200605806,-0.373450846516534,0.12280759984080901,0.750646522734039,1.1401346313702567,-0.09091376924872542,0.3642027190637094
-1.0098980781111988,-1.5422748753147828,0.24638908986236174,-0.009682214171193125,-0.037832367966407834,0.04776471532216478,1.080295556414354,-0.015634071834320053,0.07156257641867685,-0.024982470407860637
0.44618591634541416,0.15687969884650216,0.7904955975979275,0.012514137044517603,-0.4722685274915391,-0.11925351743018733,-0.7891800463384089,-0.31179662537262026,-0.25573062203925245,0.056395120260505346
0.39906886217871784,-0.8950753716831453,1.0574313104499238,0.46165096037489334,0.4963833832980187,0.06580883620913462,1.1770874408163052,-0.49580209516214313,0.03839767447104565,-0.08703045217345064
1.0829179442919663,0.8107928889242122,0.8988017227172884,-1.1880079293410182,-0.29154952421763264,-0.449406367096728,0.6060873743260838,0.21426422052358074,0.038830230421399256,-1.1801728029149234
-1.5843308325388288,0.7462478733523172,-0.5860205467942343,-0.45855731103435543,-0.09461067838810118,-0.28450538340332765,-0.520120745641821,-1.37006975505898,-0.8040984950240428,0.07224821216398171
-0.35319243041297765,-0.752587630180847,0.3630808085339389,-0.08637405021117535,0.9895758820630376,0.035065075656536215,-1.0685354092195218,4.543632852481898,0.09090239896533676,-0.49491477103283654
-0.18945080761417904,1.2318577709260667,-0.5289662658979473,0.6880639139866601,1.0141283532303813,0.04835567229990869,0.15009506748206933,0.06950114623716776,-0.45233869910568775,-0.43929299504091635
-1.6051231186356458,-0.16634015513197015,-0.7514875509898408,0.9781102150335594,-0.03380212868863172,0.02976765543870644,3.2176079159380913,0.4032168130831613,-0.3543689733850807,-1.698089127015491
-0.12219537747430885,0.5793090467264586,0.7978785535722892,0.6578249408997484,-0.5848110886846927,-0.05919573456209861,-0.9676338213216139,-0.42259171388498784,-0.01116784620296659,0.02686519153780822
-0.7920925677570915,1.5672203578469255,-0.7070554215876133,-0.9586114577892425,0.2464395482264942,-0.30532130756251746,0.2785179854338509,-1.0774711171078455,0.4995460084813481,-0.20327099207171778
-0.6255452263068614,0.19145069806333276,0.313254298342904,-0.29544549921298563,0.15853095009120782,-0.1532046881501742,-0.8292821312247676,0.24096357065656354,-0.2079206991605648,-0.14701170259671192
-0.6587229250704273,-1.0320663782583879,1.073483005129505,-0.44060833981860015,0.36960065084392724,1.076042112593811,1.0936818768090255,1.5582130686598166,-0.38399160332592897,-0.3708858996542512
-0.3117687319754476,-0.758551584824208,0.9038952756613059,0.15423868063407437,-0.09396011163834607,-0.32266038846785133,-0.1501609469157444,0.7549782744291864,0.5863883821199262,0.548906017021899
2.37760005012951,0.2508079015874513,-1.7552976331239418,0.8076315874825305,0.25976123769056064,0.1649970617404854,-0.36550296662725423,-0.4819286154149188,1.1516108594652383,-0.13453627986467454
-0.2826535062010757,-0.07469501133929288,0.32378644727024847,-0.024130424503763223,-1.2321882148546448,-0.5969478582230702,-0.33150005990274745,-0.21553825066458798,0.6444250936569267,0.10691481079243445
-1.0482502535346954,0.5527405508856585,0.512673518358954,1.060092455768333,-0.5324130640430162,-0.43852975942094335,-0.7764262832737742,3.157828459848412,0.13691492544819034,-1.1974193532441268
-0.5428038075161657,-0.3465708841508427,-0.5156539026289518,0.3284463758753497,-0.14356080205686328,0.16617867255735874,0.7320267068308733,-0.5394297082820892,-2.148575921734364,0.18426744154143437
0.2762568944776429,0.8612637365867091,1.140315023669201,-0.7627821432668639,-0.03772818720265399,-0.16778240197098232,-0.0863818503644658,-0.2738218661931965,0.20131027585797287,-0.07111836419245852
0.3871052143412818,-0.3449506582989926,-1.2767643777776871,-0.2257707375970025,0.1564568181710942,-0.1351367120202169,-0.8769696076276596,-0.17122125225345164,0.7290120874058758,-0.2305297831384564
-0.28940931959159916,1.0542303815888947,1.041253884772011,0.508175281361372,-0.9753662785554523,-0.24171371011888504,-0.6627590748695563,0.12733673671593698,0.007241386024920713,-0.615080248413078
0.18477518170327414,1.504358975099253,0.08156335074966471,-0.3091209368266872,0.2141824643523046,-0.07009106955733686,0.45435133540553824,-0.5126530567289195,0.21961757692998582,0.3216576987303756
0.5618627578048225,0.6129531889657406,-0.799030458636972,0.3366417058930111,-1.116040492929921,-0.7623542590337062,-1.870913857055468,-0.3155322413759421,-1.6688546284020893,-1.0611739688447481
0.4758483928025152,1.0255132050542228,-1.0619517642389922,0.8393642847177148,0.31637271815761303,0.10901499861370209,-0.7284000583829385,-0.4829614496599424,0.5145908000146198,-0.41365769387497847
-0.625658752181729,0.38513057863896694,0.8190969984153227,0.21619788313664773,0.09264681125648298,-0.24567522360200453,1.597027163186611,0.40444934928723897,0.19020011361252664,0.8208054801187858
0.7496260789211674,0.4646942910222759,0.6960311684039678,0.1911995663712699,0.14301182598763773,0.03007276335604374,-0.5551732120481278,2.5434702049598297,-0.13794518261996286,0.03625171523851439
-0.3053552425437982,-1.2637351191824886,1.044694848291825,0.6260192466178525,-0.3630609509621603,0.10015943440372156,2.4524557731983494,-0.4625596265744151,0.07409479423861857,-0.3118341819090355
-0.7729273005152016,1.6289327908504676,-0.5397844196957295,0.4373002988918657,-0.00919190678268363,-0.26614909081960786,0.025207346225638524,-0.04208562577356267,0.30561390280537987,0.2892218778719064
0.11833233398070798,0.20747030440219114,-0.7718977924288746,0.34959121866646936,-0.5043891246109742,-0.02438571200082132,-0.8019325629738008,-0.5729560865161595,-2.749635600935869,0.07861425903614701
-0.1601457192577133,-0.14078242078334832,-1.531316022651363,-0.27934218964642454,-0.20425066250092644,-0.275304590154648,0.10869036696293188,-0.18392289253619534,0.8561840378521987,0.1910681792718439
-0.4693646729644539,-0.9030047568277377,0.40961442812031307,0.2458938161656372,-1.2358757683514012,-0.31047611444818113,-3.016254688829575,0.14009377672091286,0.33692062076313267,0.059603057484135996
1.366228849378043,-0.7932345750394068,0.7149332359173862,0.12517070097969657,-1.0311844898692095,-0.434745525744907,-1.1671864690363147,0.8791031961966913,0.2392917112209419,-0.7929341137629005
1.518428334861367,-0.2333599257924195,0.017654172732135907,-0.3604141717993722,-0.21815728750017946,-0.5254236112299708,0.00611535971191201,0.5404591068899257,0.5637213778758495,0.6715465183363021
-0.9939588544273891,1.2224992347724088,0.7041219630562118,0.462781482895899,-0.7940584664677862,-0.3034669915921937,-0.9546136926852452,0.9707276873804882,-0.019363972767678837,0.37601643966269677
-0.70286823212806,-0.8411073844603189,0.6786453844316875,0.2982299192258341,-0.37696116391435086,-0.26673861744038974,-0.4780077994435259,0.3175493920657609,0.6486145106293427,0.7761124962691882
-1.2972916120940805,0.0009591935837807905,0.982407407756226,1.5365219301177873,0.00502601473962246,0.5126217497797155,-0.22225299293689757,-0.5227687275344463,0.4296880239786615,-0.043763157792045565
-0.8131820863173589,-4.385650326311362,-0.9906106342837362,0.3098826928360957,-0.6626573552232412,-0.07583425074936993,0.7760208607216215,0.5410769448985826,0.22197310517045332,-1.1625641740954962
-1.2864401941516534,1.6505842329620202,-1.2773293339210574,-1.1926093827419375,0.9404927389007556,0.07302100342510719,-0.7515326413225323,-1.4662103721935849,0.3706288756618936,-0.08299776613808964
0.5979232580974813,0.6288792620878009,-0.09959591181446831,0.32754001801710414,-0.018963198170340586,0.31029485616811536,0.6966106971200839,0.13071154035336294,-0.30229236714957863,-1.002390486357124
-1.4708366109520057,-0.018743497873830905,0.15667853822174943,0.4774291941621214,-0.0026442798623601944,-0.31113249694057055,-0.3956153820103214,0.5544073808439565,0.7503461168337585,0.5656348764051264
3.1398657214477494,0.7518006155682212,1.422966938409188,0.5062854599205114,0.007049347060171876,0.016631535061717145,-0.18825493958121314,-1.2686748271494546,0.17049763012839605,-0.09395665919379706
-0.20901294504461698,1.124033710795927,0.945386907948865,-0.8396161356245555,-0.1718100244263598,-0.055290310951249894,0.355942651128209,-0.17679141180203292,0.20194430638454797,0.11138830847042377
0.629531176418112,-1.6740352213883711,0.6196694987486693,0.19539633222173755,0.41424067937419035,-0.3540279923495351,-0.34327763226540153,0.255865117539395,0.5575793024296334,0.6446237820383774
-0.10526600558987,-1.325210689944108,0.734876280412371,0.3555703608986083,-0.529891077097618,-0.34594332148639556,-1.9917084194172208,-0.3229790533127872,0.25954194886459986,-0.16007075136108306
0.6797641305008976,1.029974305667633,0.9570625305939674,0.2783086709169377,-0.7481105028145495,-0.2246592207185838,-0.6378308695739295,0.3080915289233695,-0.17688774858088388,-0.26687022090476376
-1.2146307963164586,0.562114138384568,-0.41671278223396735,0.5130393112684356,-0.041303657316982725,0.016604232752601762,0.0919751943056599,-0.5252916486758421,0.2495804938613449,1.171860979607213
-0.0011504925582959341,1.7811900419697435,1.000911923089086,0.5031232765325337,1.051480635557086,0.25454472505264036,-0.9569067706089891,0.021870729401087245,0.08546436159875112,-0.46627139663784456
0.8822489298364911,-0.99434084668757,0.8366133721922228,-0.10976690685140132,-0.22543962372724602,-0.0757998563193029,0.9022382115817463,-0.33102877094821886,0.04862534047278457,-0.2874423645952515
-0.9766252898053299,0.04451981652129003,1.0219578345010092,0.8314211782523762,-0.13289243473550852,0.27774778606481904,0.833241377244526,-1.2291425906501836,0.15518835548778842,0.26331608350245495
-2.4080062774760798,0.8235391894732362,-0.4160490037547249,-1.9683925982253117,4.478295927344608,0.2969216030696321,-2.2341192157258987,0.005906405167503613,-0.48370333546989486,-2.3396664251847956
0.22279020468481509,0.20537255059046763,0.7540904762574189,0.35848786560937895,0.40975663956631825,0.1743226483009212,0.060208377961884676,-1.3391671501374305,0.24229843725303726,0.2712809461705831
0.1363542001622745,1.0494137366786738,-0.34303574938121867,0.39008642101399327,0.03563716247583978,0.0721492618786557,-0.41665532366000996,-0.09345063847701465,-0.14203896959987275,-0.08217474533567883
-0.7596249282420858,-0.6323356363488171,0.5540677737221443,-0.5559271443530235,0.0020874007976016988,-0.5029970536079096,-0.6441905054018733,-0.3137988305743619,0.683240916357849,-0.6067849737120848
0.028750311069439528,1.254333942811275,0.8653148053698596,0.5580744572214811,-0.13539349598424963,0.01306195997974704,0.10058880224792732,3.3962915642335663,-0.09557268685711082,0.2976513049734168
-0.9147478354921549,0.32533775363151174,0.34967458490972964,0.15891749530024918,-0.7416998725393389,-0.07415805834076061,-2.1960853576509036,0.45899575923068264,-0.4857569230381097,-0.6929324131880105
-0.38752251354578415,0.5629866081415958,-0.6224791534708771,1.125070353265279,-0.7986544431901934,-0.06211512130723145,-1.052653095036441,-0.7928095134858638,-2.845540057507673,-0.29035613210551203
0.13125708712111658,0.7177163865258659,1.0914947094457372,-0.13889759438758809,0.30818119372843167,-0.6968808775404817,0.7855411780553438,-0.4543155640650709,0.4102734340446781,1.9293486405344153
-1.1325721383553116,0.31666523513549094,1.0543926860948099,-0.0002682337449615439,-1.3958474695324863,-0.03660567333733786,0.3232727110647142,0.016512377714143076,0.05595023125842348,0.04824512350015735
0.29917371127305614,0.10340164751433903,1.0608029516814634,0.9289625242648586,-0.41444356391263326,0.16471454263587798,0.4533201658395223,-0.20993050018326492,0.1130741450567927,-0.36993026101160864
0.21944594827036137,1.236083275386983,1.34934818566041,1.3685653137627702,0.8122057643572949,0.07983291890795868,0.6777502875443325,-0.30602468039586234,-0.03570855559753913,-0.36350738095286506
-0.9014278943182816,1.343356476032866,1.265844132372732,1.3251593019028494,0.0036155438978511425,0.15063980006326314,1.0184365772995616,0.4623089352190277,0.0356955119203054,-0.9474692153426255
-0.8273264095419637,-0.14937711063973647,1.0827738539167686,0.6906295261726298,0.043336525182778814,0.03711663564797546,0.5922077998447751,-1.0565210618194005,0.302407175737735,0.18465119602684704
-0.10837343545823445,-2.910469922834067,-0.7119476165207869,0.3294164539920584,-0.45817708030971704,-0.21489608810295693,0.2645836529539733,1.0693112642551645,-1.0535162958483606,-1.0299585714008832
0.4861477175284626,-0.5798157475747268,-1.6585194022640732,-0.23443360097073704,0.355694475040065,-0.25320545012947554,-0.300344807708872,-0.5309384628133907,0.7741547809934918,0.35088753800848455
-0.3867466101603785,-0.7693737839296858,1.0245772064018888,0.46819093433984743,0.007827608162472514,0.19985741308062865,0.8673293950186042,-0.4552050322151642,0.10616911968155347,0.0117416983670439
-0.4668570205446016,-0.21358533292158868,0.89518387496062,0.9456748082983157,0.043303373792019234,0.29607303536093377,0.3006794702467971,-1.1875336843581479,0.019180094650479457,0.523615091854312
1.2810055396558038,0.0950326329228679,0.780359085114948,-0.10203090128576729,-0.1858611274435028,-0.19114279119153332,-0.36151361462008597,0.1454246990418651,0.2042721459181953,1.14312586608699
-0.6110198942722812,0.20584701590060742,0.6297637903834518,0.19347597219064305,-0.503646273156608,-0.07694741367103893,-0.7084147964816877,-0.41551562970678907,-0.07831642461812488,0.2450086415618409
-0.06818050887446316,0.9787046369232097,0.5767823188283431,-0.5176015623958529,0.3323501706614111,-0.2780622930852539,0.11158267958656432,-0.14161462563096613,0.26340197560017314,-0.3793133048917221
0.22110978436810555,0.7082259379132431,-1.8767667161039256,0.3000001541482959,-0.04166426483605669,-0.03221909708873498,-0.2857880797846051,-0.5928567152785701,1.1913718043639547,-0.1748274151231459
-0.1354115784226386,0.6799282615539464,1.2024334711323021,1.4372030412318821,-0.36930163737003363,0.3437151155173753,1.4493733338553625,-0.24883498524926018,0.057770616721493744,-0.9778957949318523
2.071842888304801,0.36114805429954727,-1.8883503014312926,0.3870317482516107,-0.1097228288721577,-0.3586430783903154,-0.11432887223168556,-0.6215964348592937,0.8885257275865226,-0.6130002984176592
2.217526867914001,0.35706195445574296,-1.8814152699824958,0.3600704276944877,-0.06729825056384663,-0.34774464972906954,-0.17534895008132748,-0.6415050789045716,0.8786847893111527,-0.5930512600787278
-1.0427447963374188,0.5745959858215033,0.9171910641559159,-4.842315630909019,-0.28454940546078933,0.9723971745893448,-0.5183052573977097,-0.5318163863535632,0.16049085602588942,0.18670719584988507
-3.493370190927066,2.7760559749019875,-1.5813729480727385,-0.8928136568911494,-0.4198897193539967,-0.6936872711348652,0.9882391737632125,-1.3200161178175762,0.8337845291442898,-1.4195393173901878
-0.2897469248965149,-1.7903867214269895,0.764251165459912,0.7156417093012176,0.08078180437768546,-0.08257417783444594,-0.889993262065208,-0.382892385546952,0.5777025780195757,-0.3791232071908774
-0.6258597639797782,0.07329611427425238,1.160220667396205,0.03423915905808597,-1.4870149336356955,-0.4811827282765437,0.7693074449951686,-0.0535830625805859,0.1560600479500212,0.5615712824419881
-0.13140351489639687,-1.3107196209563772,-0.11920816987130026,0.431518526203409,0.46216817325854004,-0.16230265323836443,-0.6037560418452753,-0.4432312480041293,0.05081830068565522,-0.34165418987350915
-2.8083768701966147,0.14574234336518518,-0.5420295411947873,-3.9039440515855963,2.6967621367988994,-0.8937854145477497,-0.054245758795905576,-0.12248821176755208,-0.13877165618359752,-2.513751282002121
0.24984539316372725,0.19559805606152209,1.0274808607760164,0.46141423676642257,-0.3448665063064711,-0.005744999196232654,0.8108032175310222,0.4681225007739188,-0.021058717882819374,-1.011307838557929
-1.1709398704976013,-0.7288098444546051,0.7780595628756022,-0.6734611587877396,0.19642279868551088,-0.27090903908914854,-0.664461148962176,-0.34724338123311443,0.6349300197206789,-0.17863245891340604
-0.930180006320792,0.5407816214253383,-0.40155575831058904,0.4744697625593927,0.22771158838443117,0.015907354612881727,0.3918324269544335,-0.43659601063069076,-2.4851885585015343,-0.3711724659138931
0.08719603159928314,-1.052864067169157,0.5182314255016788,0.435537423630824,-0.8723011567753693,-0.1754663287391684,-1.3023528899948205,-0.09264190867871332,0.296879184872889,0.20183565556487185
-1.761844478298516,0.9523393942805367,-0.6909913826897175,-0.4370410799676009,0.40928443519586044,-0.09595727532012385,-0.32554905353544317,-0.8466831621480614,-2.291582517200356,-0.47199733947257
0.6258452366462635,0.47206443948319543,-0.8041117185903011,-1.8467496061815585,2.079150735424858,-0.27837130428630225,-0.1717792826443377,-0.7528612517915726,-2.7677376833027374,-1.453155671075924
-0.828699415046816,-3.0137978888727437,-1.2650170583535891,0.11883071529197492,2.5548931202142513,-0.6293766050068045,0.1117605798936594,-1.3960744614329184,-2.830566811007732,-0.3421684147839817
-0.06468405188699297,1.1017460221819755,0.9869520834810488,-0.35059966230674067,0.1334285347659533,-0.16762419939653703,-0.07290022069963552,-0.12643045789734572,0.21743168296407003,-0.3936446027594164
0.1556360307990668,0.40133347568379374,0.9483047945623732,0.39095690607201866,-0.5994246606196685,-0.306526213051921,0.5308531021029117,0.21655916620843485,0.19237712999830697,-0.36956519717926734
-0.12237274875477673,0.6181711035124069,1.126915942253397,0.7848163283882931,-0.15777833776837766,0.12922153012403853,0.39195732311325177,-0.31475914008316813,0.11878433274982844,-0.3962960810951658
1.745015050496194,-0.18216284436020183,0.7007020591069877,1.5854310349436185,0.5207573657249894,0.2719357693018053,-1.8176665746191067,0.029903761545846782,0.05496263966056233,-1.1528269660207928
-1.358397959065679,1.4816915175818197,-1.0471428188982335,0.5576648681764409,0.22881917260397028,-0.49855636375798823,0.029236732884237875,-0.23073703179759628,0.07982551087331295,0.1819732416911935
-2.0917574389629454,-0.6825802445810398,-0.05252871126969158,-0.3596113005300183,1.7115093082059292,-0.1633411622268387,-1.1014175378128193,-0.16159397326584712,-0.1351589867002293,-1.9256805431430877
0.30212403602958104,-0.8092038661387105,-0.8606554545478151,0.793448541097245,0.0024597478075689765,-0.06802347101475062,-1.146530380262292,0.07842239261601622,-2.529475953560024,-0.6575990052061969
-0.19648178655721849,-0.08628846724667408,-0.4423673365644982,-0.21754947622050932,1.0590058976798271,-0.025618070427674777,0.038293712472379386,0.0661844019196789,-1.2868390003024988,1.189296768433408
-0.3804991135654671,-0.5888955172912897,0.23569488162822302,-0.6150434302826436,-0.06662291046125206,-0.3092925071979519,-0.06739271831290433,-0.8369775398218754,0.9411930536869503,0.20499399512274924
-1.406871991437365,-0.9474781787925858,-1.0661799374095935,0.6676018991198552,0.1238657387818257,0.2286388430823221,0.6041012654552148,-0.7105222604388921,0.6797778609977099,0.5013222641044501
0.3378210438453304,-0.10045642550719558,-0.7002539079416717,-0.7092470321355311,0.203503506775123,-0.047756729850608075,-0.7932769370832742,-0.40955075494205795,0.4584756765154818,0.20354182391010406
-1.3961453201980918,0.8420216558422671,0.7365751304384789,-0.9044984461400517,0.4830284589232288,-0.3602148499524023,-0.05070754552685959,-1.394091363081193,0.12495600904929545,-0.2483043464561201
-0.08341832008788239,0.5809345296381985,0.9932314632799296,1.3486094250562113,0.16756201264219056,0.2837522998488763,0.2845821330169941,-0.6498601776011032,-0.5622359774921095,-0.6689461803444647
-0.029250452456249354,0.42547843081506853,1.0078124997528555,1.518403333338342,0.0935526675051733,0.4521085794340029,-0.03591895013147773,-0.568987323899673,-0.6056041284751252,-0.5798317502744266
-0.9253602605949919,0.19188810862878147,1.0238726152837396,0.8809541835018,0.5910031153339825,0.551336940608522,-0.2910513993588014,-0.9172884101041324,-0.134393045503878,0.28147714873287577
-0.5910721198089132,1.9953366591849804,1.1662707278085935,1.0566653586625192,-0.3916062988139349,-0.2952367738682901,-0.6492926364204638,-0.08175866483099051,0.0015711689986383885,-0.5966956742563904
1.0569467840283018,0.5211213832470134,1.019111328278842,-0.43521751760817107,-0.7717841837992508,-0.3093446323694189,-0.6384306725844588,-0.09523111610139068,-0.05012261116854118,0.3164477892493373
0.6837805410221467,1.0768169920416708,0.8780574768821963,0.0828498578451108,0.5997774767314298,-0.17493454424612428,-0.4432593577762665,-0.90862378272716,0.3294660580773585,1.2631512076816265
0.5723767448220342,-1.7572380331405322,0.7876540481419384,0.31614888273636654,0.14379781132837952,-0.1459010725037906,-0.7670647605404556,0.028568503395593234,0.4391162065310605,-0.5322167971319411
-0.732068648650868,-1.521291858277091,-1.6439092077493649,0.03978684370668059,-1.3201798174817712,-0.8155047099102921,-2.729635330097168,-0.4770527216525888,0.5294424793071834,-0.6562612063398665
0.8007419781371818,0.08098981296763555,0.9083663823162991,0.4009125947013136,-0.6261993141552185,-0.007404923134830998,0.5691154060258247,0.02701764906159662,-0.02949348365212149,-0.5983278365199696
-0.014111277241605187,-0.3329248909369735,0.5757353782480235,1.0405038514452793,-0.8909465317630185,-0.2509374804807674,-3.007732956472949,0.1534267448285207,-0.1250653956587349,-0.779866872899791
-0.5212994802295448,-0.5302134092971182,0.47205736676027465,-0.15334408479994993,0.02468603247405668,-0.09182096970551362,-1.1187631725912532,0.09974926802472261,0.33357028521626264,-0.6015325147301707
0.13978689864380395,-1.2969358799268826,0.28286146025001185,-0.7515607402268328,-0.031155935842619515,0.20785668663028223,-2.262260174958196,0.9235018949285269,0.2511629623488541,-0.14627389833373228
0.42699418695042723,1.293024703971416,0.4782780175490336,0.002210071881268066,0.32631438140305563,-0.3329449407969764,0.49641606499910335,2.8662551895008987,-0.08042390170827785,0.21649345569880105
-0.25709593389480556,-0.4149208631048869,0.8796002343990684,0.3126720557436753,-0.1960710245469126,0.31633111338688136,0.7623156287087504,-0.2840670229648036,0.2051750229873509,0.33265625554050626
0.10570963349034337,0.18175638562139587,0.4670082307972229,0.39422538044506333,-0.8973063009014516,-0.013421431319602842,-1.65280895892797,0.46692059651201634,-0.32278241572062755,-0.5239419137381301
1.146480420063146,2.656886793089066,0.8349948757909892,0.4453108801318485,1.8906609048113006,0.245332010826394,-1.2817526166511595,0.17426220965478445,-0.6249620854928907,-0.8330492946162639
-1.2058892352388995,-0.36439040933497124,0.78285810148344,-0.21670995413808905,0.2464851356509132,-0.1322278073850738,-0.8264678168273975,-0.8477510601894939,0.5144941239354079,0.1526445071355601
-0.7880298253867734,-1.593035478625803,0.8467238906951564,0.39805141602160704,0.330966595657544,-0.2091467726286695,-0.21680668591558083,-0.9406217621377797,0.5298701604471056,-0.05303926738659846
-0.6506196046108275,1.1581971118178929,1.0303356297700603,-0.06542905367993568,-0.15275193042828872,-0.2261774729751037,-0.21653344949624873,-0.7890822667933811,0.36183582951701715,-0.1639979805737282
0.6907572996074481,0.18905846139311105,0.8010946943859215,-0.32417279908744767,-0.5395661731979617,0.03080135217612963,0.6881260115085773,0.8827583878070699,0.26801275090115084,0.9993560579391333
0.7452620985361057,0.5018485869602153,1.0009261119798867,-1.6692237554164369,0.529153590432138,-0.602015815739623,-0.06856375072348103,0.635715314048298,0.24819059453578032,0.16040325814867518
0.34207679133164076,0.7385732597156148,1.0921596011287191,-0.038437443445592454,-0.9403137164780587,-0.20384816463928174,-0.33552365632330483,0.6204255250017049,-0.0311019560636596,-0.4775222799170261
-0.3611656249649269,1.0936124982441793,-0.7043497753713381,-1.5350288742272578,0.007004928435782034,-0.4910869818986689,0.6296430988499621,-0.5013087102127467,0.21408417762186652,-0.5269886841196096
1.9576928560773141,0.6265430082464171,-0.8146973421456221,0.08829279663497978,0.4302730606025327,0.21662159848598372,-0.3559088677015984,0.26722684801647484,0.20692870076274958,0.552579571550907
0.33911436247956994,0.6207104276053798,-1.8803885471864619,1.4808030387769735,-0.19031164349253651,0.2706924990750005,0.08431193688348816,-0.6006102454285549,0.2740929818253429,0.031773145784754916
1.8149759035852195,0.05670822482780756,-1.6090388314834216,0.059541993760579996,-0.010282455697470905,-0.16015131100192562,-0.5929648728538338,-0.7124667677924432,0.9335666490771961,-0.3390837921583189
2.174043602099425,0.6330459031663191,-1.589888803430606,-0.10075012761149608,0.12485082752890549,-0.24537454134780515,0.37080311100270924,1.044468362096405,1.0956929015796497,0.8054414110970338
-0.32729372754081576,0.8266786857953669,-1.9452163998582697,0.5800422879095671,-0.10400149522294411,0.07633137716997382,-0.3024214309497495,-0.22294837589612249,1.2886850923720683,-0.20121111494088123
0.8097576395740284,-0.2427038047976384,-0.09659391978499941,0.33988272554968285,0.18712739384446633,-0.0664577107457333,0.12826875572183324,-0.21669690101359265,-1.1812664909300694,1.214200600912782
0.8660263401100513,0.3170607703775481,1.1565956691216075,-0.004020499207535101,-1.0868062612901905,-0.11783359241358933,-0.5002526606104148,0.8782850449085791,-0.05593103239458367,-0.054877740094738336
1.911621500577381,0.6959415189818501,-0.9710366162831909,-0.538567895213547,0.04060267796614545,-0.5574489823789115,-0.060893632073538054,-0.26241407930571814,1.1312280266987877,-0.556031226106851
0.43969361493656783,0.6461143262768798,0.9363860868328657,-1.45964435667368,0.840565794107382,-0.06657925976796757,0.22383279405057235,-0.3598361786734164,0.2455153262932506,0.3420508617096735
-1.2942063068000271,0.017857358817018047,-1.4545457917445328,0.008692641753388795,0.21241413434352374,-0.4571904923564851,0.5639664808030939,-0.1206176587769676,0.9624049742446943,0.9778640446576025
0.5304737545814234,0.3717016278114584,-0.7732215267096196,0.18578158587112212,-2.1100649053236,-0.24848956746076492,-0.9197034733691006,0.5053613356064786,-3.9703694057817316,-0.7340998434705728
0.4383578841295341,-0.07578217078711982,-0.932646019298889,0.11971425953329205,0.054188570291845956,-0.3948007282610637,0.9369836319565101,1.328597378642519,-3.7022043690440314,0.7110848628159914
-0.07459959020128142,-0.9176735637019391,-0.9134539968674987,0.9982996564449974,-0.33140925885415623,0.06919766797228005,1.4444780096389547,-0.21103123315292993,-3.860712527344059,-1.08780013572231
-0.21935018922335925,-0.48035070683126924,-0.4647716658694622,0.1626839069222091,-0.5153280889591698,-0.24101134314063485,-2.314869151240642,1.138600444658774,-1.4019181333125939,-1.0668073123798807
1.5687267952131727,0.7139453217454712,0.8714170038850739,-0.32705331524153924,-0.6320098920845787,-0.34868780828230705,0.6426850705701264,0.7142699615248076,-0.007624988010394717,-0.5369332453789553
-0.19711059490901975,0.7753882123283118,-0.8636758002137596,-0.7766774700060141,3.287179359786035,-0.29632281521274284,0.7086819361729112,-1.9786091624389834,-3.4302000463155635,-2.4480735566279788
0.9619708379962048,0.6838600190460921,-0.9954458624105282,0.6352732087441306,-0.10632941245616452,-0.2285372794448188,-1.6001832179005975,0.6525598481253121,-3.5573116863213436,0.08821142471492445
0.4207474461234803,1.5445168917167889,0.734993887165207,-0.5638589998542586,0.9323383263864151,-0.31885173523655785,-0.8015021734722804,-1.2856650444746316,-0.1312897841006662,0.5552488264858368
0.10646156082206015,-0.20509449141935546,1.0137372666364675,0.28901007727079403,-0.2388501042975609,0.007141857700882763,0.6749982317503519,-0.36535127126895806,0.01535424807876487,-0.1081465206069129
0.3923905164170409,-0.13839541622577858,-1.0903554859688445,-0.06848943173258176,-0.35948316879175185,-0.1505191518462605,-0.03354504638876779,-0.3472502987352311,0.6861821038609249,0.16741375653656826
-0.2973935410792542,0.16411026134900775,-0.33073569140316167,1.0581558162145197,0.6349258981834626,0.29752901634806567,-0.6020476433886803,0.16393495305279374,0.8631304871701645,1.3697666654346872
-0.19418116820101486,-0.11559663861351267,-0.6721349191829398,0.2838497517151266,-0.8325112739668058,-0.3799891389330957,-0.5510409849373356,-0.7709315372481055,0.7768233402510127,0.29922892447058275
-1.9879212222623035,1.1044521488889316,-1.331974845683325,-0.3165138618312579,0.15384216445264548,-0.3644167333138086,-0.21618315076992395,-1.7592197868147483,1.2989627742479644,0.18184187485369285
-0.4826922707685549,0.7381606919607204,-0.3815668308915855,0.6577531250752756,-0.26226945761300396,-0.06399577201956537,-0.9486656078723509,0.17527805399318272,0.020589564687196246,0.37961795806223225
0.36875187122464914,0.02139410035267675,-0.8164755904240668,0.24050667075328153,0.5991723787270361,-0.16096876475715113,-0.4734589924668305,-1.272384012418661,0.8465236842448856,0.5585390598596807
0.5321600759206013,-0.31143935582780824,-0.8959474325874743,0.48826532397427547,0.008446762000534614,-0.04306032289519685,-0.13463254552531936,-0.31036187462975007,0.9108370631175201,1.165369507902841
1.1935369651378895,1.7654955521449036,1.3737055889477268,1.6998563841781031,1.0333131896142569,-0.09806503326519532,-0.5785275457935687,0.04745436954098373,-0.07448092319896511,0.5699041086373915
1.5368685744869013,1.7856388980383233,-1.594256870984588,1.8802283356575045,0.5297406182053592,-0.1363293233132425,-1.9497374122781737,-1.0909401156684044,1.0611982219643155,-1.0309912982878378
