PCA_1,PCA_2,PCA_3,PCA_4,PCA_5,PCA_6,PCA_7,PCA_8,PCA_9,PCA_10
-1.7571561181658044,-0.23788698728491076,-0.8952511991639154,-2.173427298656131,-1.3979953773209581,1.6544073123397482,0.07967951272197593,0.46876566684094173,-0.2972033200926443,0.09546748548989338
-2.7298808923016065,-0.8464500786374922,-0.7957173914058827,0.3515333997277652,-0.10981223479303855,0.6843075430797044,1.0964376175937893,-0.30060590995676656,-0.16722006060975808,-0.1889304774337548
-0.58356930600376,-1.6107116339720227,-0.8441846570633978,1.6532413545356555,-0.15859716011603261,-0.32006906739767116,-0.03483815616580446,1.019678177344683,0.15218582971885244,0.5016944671775747
-1.0698197227295219,-1.390852733155458,-1.1077898889542268,1.805997871727681,0.6388576911492199,-0.5808482726127442,0.9331999317299898,-0.23101232866645355,-0.42717554293886495,-0.4033584460088477
-2.1716383978654,0.007169742148590862,-0.40024630070694756,0.17348160560740467,-0.2812432942322843,0.23759298435263107,1.2033374717580316,0.9045729110936116,-0.753402306996634,0.18090354247038867
-1.0861782099242194,-1.2218635974088214,-0.44825908272950754,0.21591073632268823,0.10836191741372125,1.3624891485800386,0.8310670825625346,2.135319211982111,-2.4422824926362185,0.789868266398982
-1.2948557835379124,0.6677652979063103,-2.046721429210264,0.7313100740230601,0.09295001348160363,-2.145936825763064,-0.9791045607746564,1.8859219588426448,-0.8291675028751597,0.23782479607935655
-0.5682538366758331,-0.8663871702106923,-1.6514315770570598,-1.9180391498330296,0.9446266218276373,-0.9514850228049615,0.7116096602273673,0.453450280471558,0.6996981185360578,-0.49055550614648186
-0.1773658802052363,-1.0283036525544584,-1.7250231877260682,-2.157676564844132,1.061913243364339,-0.9799215558139321,0.8295166700331363,0.37160437313374356,0.6790098306273754,-0.33570558208476475
5.678858850276546,-7.340353461957016,-2.8427704752630825,0.01419173252933585,3.457677384828471,1.8857545682641843,-1.4362865502627387,-7.425123616760277,4.099655803952885,-3.6680280245198618
-2.536337761353981,-0.0019765183598896255,0.17917821331105624,0.6457594848721974,-0.7608385469671868,1.1324243368053253,0.29074219983812555,-0.12060305881318599,-0.7826852210055874,0.19044679067872844
-1.7445966016943624,-1.0475356713918949,-0.7751296800152666,1.0403850752641097,-0.19570168880072475,-0.04925732313601458,1.0267194174614096,0.1517391644983405,1.177766557264821,0.92007207639874
-0.6513626389946838,-2.3113946405424874,-1.0197534190561186,1.5632613355651972,-0.1106338046406483,0.26188198073915503,0.2627230137387293,-0.30895033206706274,0.7423609755416121,1.0631041182917562
-0.7430150439094279,-2.350134560982907,-1.2024473320660525,1.784357656013385,0.32160543377769246,-0.21077309418679807,0.46551200379603064,1.033382626187386,0.8847428448642509,1.160750886571387
-4.1157340367813315,2.3861465093628644,-0.13535142548565302,0.24055653850206157,0.5401943739044127,0.8946675661043733,0.7274530553775584,-1.1469249867535343,-1.0581579234707226,-0.8823297492649941
0.2453359569985739,0.7485313504160931,-0.257571836345925,-0.7731864675777526,-1.4814084458722991,-0.5360601088020752,-0.9624689662729636,-0.6718525920941717,1.1155244599145107,-0.22233048575243186
1.8629411409096979,-3.57721133737442,-0.9908791309791395,0.22412255758919364,0.1730954232061888,1.9842114180999548,-0.7603600993621469,-0.9391546256586838,-1.1459823678376024,0.06958661539300295
0.14717787048068923,0.2766064466937466,3.2293681660135407,-1.466160496543947,-0.6934368160129046,0.3753335972804422,-0.10038891260095624,-1.502051722241274,1.0021071261501122,0.5667457561242375
-0.6409501904647534,-1.1326626585216084,-0.3849689457172328,0.5486423004258997,-0.7328519800789571,1.846761854577919,0.8269015951270915,-0.5675691092265214,0.5457628467200539,-0.04495302306264066
3.161446022641955,1.9857083645520317,-0.04308255876050516,-0.04085162195682132,-0.553340704012198,0.4572107280678734,-0.565180094936778,-0.2817086937563061,0.316374543295454,-0.26638931699033225
1.0005063919695298,-1.5321579883641485,-0.7143364157193125,-1.6126191839517994,-1.4997688134260172,0.6247593100340242,-1.8080916739045074,0.899995388013413,2.593315915767404,-0.9715559132332703
-0.45332863070915597,-1.7472281941767416,-1.2102471407476778,0.07831241157702112,1.3575130475650925,0.023240365431144466,1.1701950110467256,-0.9996036216560712,0.48821605666286,-1.5331116943848653
-1.7900989913737475,-0.16488846918422054,-0.8686166939720144,1.4231916831169722,-0.05836711864707457,-0.7301889641250087,0.18815174664513998,0.9500073334585682,0.008161777939933132,0.4758299917256542
-0.0026178004417229997,-0.0565052611776675,-1.447366968895726,0.1401268489578043,0.007601312197667117,-1.1096463473048894,0.6729324590035141,1.198053719304046,-0.14238150009928466,-0.21899593868850872
-2.820529708092039,0.6866547751724463,0.1539092617159247,3.000043341747131,-1.6054284548804905,0.07180626042718462,0.007228236863170744,-0.859836904658248,1.5755164738782141,0.6330558741252013
1.5905974080139862,2.652793525220634,-0.6336148643860032,1.170585632756217,-0.7001956459069841,-1.4299215458832966,-1.6597907639492684,1.2466014844293822,2.1417190537371953,-0.6635338990549521
-1.51814864616371,-1.0576847073226567,-0.26040793481606633,1.0138274764594246,-0.29675825525150135,0.36778694619939617,-0.45329911547981483,-0.3319598536905291,0.3969367092750731,0.3278710086131776
0.7927699180437624,3.7267341632962094,0.2558887368089973,0.42980639823639893,-1.2297114439437635,0.9051689818229509,-0.1212399177854342,0.48203682381022644,-0.9011010923034273,-0.1639666285033304
-2.072729991726963,0.17179183213560184,-0.6968334916739131,-1.9068754713979315,-0.6035982122716681,-1.7214080643825482,-1.4435741058611709,0.5551193838361198,0.43237866113918444,0.6507870295717516
-3.1707129493839017,0.12081182094121429,-0.8543566218896973,1.0398901833005818,-0.1560641474796953,-0.20610690001631746,0.313973086714735,0.30391919389013083,0.2250736139665844,0.3003261284782966
-2.5166499929455703,0.12903834435854458,-1.2043761036127898,0.26535752593763967,-0.4814883801005714,-1.4612593624283758,-1.2010813532751115,0.8954330349292479,0.6728609481330087,0.1320131682692295
3.2946732889454724,3.1385937839647107,-0.08999695469803895,0.33175614672287373,-1.117251645898647,0.5683155746796342,1.3316726286121907,-0.19002258199823607,-0.3032341827810495,-0.31409373583933764
1.73413726114617,0.8731430983002616,1.3070429089835207,0.9616721876292232,-0.4841368988596682,0.5315296050070837,0.3604994751172811,0.027925499548057373,-0.28738405435728553,-0.17985501113681374
0.2992724338586073,-0.4790049789888245,5.060302863383019,0.10885703029235105,0.4712558745961737,-1.110396692741903,1.842291774295655,5.241749435477952,-1.8403441262200955,-0.12779207465129375
-3.601469300575873,0.06461219169316167,-0.1639195997155388,1.016061717551496,-0.5746905022416511,0.28176941246739673,0.617847807243931,0.030744768745849412,1.1608144554539988,0.4239869599644323
-2.033370019274673,-2.0104468546732366,-1.6098952636406207,-0.3142038405756661,3.48306477230729,2.250488168732791,9.322224424033625,-1.4660830861136982,3.8811703239131825,-2.838472329677445
-0.9391048036107942,-0.7312394238872724,-0.9813549747083468,1.6521698835625642,-0.052672977016987824,-0.41298814932983596,0.010791235351834558,-0.3253592136697693,-0.07486278875815426,0.3111215614565978
1.0839450399287347,-2.7374870308951054,-0.8582224200316458,0.9357017645813408,0.021125159876932094,2.1840501986190617,-0.8553836470058724,-2.155391147219544,-1.5842550347565387,-0.15267115900461434
-2.0444177996612343,-0.4494677261439479,-0.6925735645476127,0.4435421678683406,-0.1373402095415789,-0.2973691324025701,0.7526933104417929,0.7137904462506933,0.5718164851620982,0.7361211637780702
-0.005051628317418718,-1.5077283001725692,0.6407614490124677,-1.7684290589817715,-2.206031268220702,4.547413770103073,0.14795765780128273,0.35458936838136657,-0.005974694048306092,0.4297230374960124
2.0075240950653725,-3.3760456376511763,-1.4343297549476874,0.2452705223596689,0.9602429675333204,-0.923226624009931,0.7361246639936223,0.6352191983250621,-0.32317794397498517,0.1977944213138684
-0.927785059759756,-1.4678376565670548,-1.0567230574419153,0.48752861786900453,0.24237971108798545,-0.43130679671362093,0.3190255431495801,0.6656030298743613,0.5731146362329398,0.48909756927698017
4.9158644781909855,-0.5299491637669416,-0.9762443013870629,0.005862330084948595,0.48963025292054696,-0.23950897180619088,-0.16124808407514474,1.3114344267587514,-0.3409703464432704,0.5404425230104966
-1.7185338471768226,0.06189150479768173,1.9549869843527952,1.0256884148917336,0.07590014217484345,-1.247528592816414,-0.4883857357183643,1.1133803945495866,2.7573627139134715,-2.1005165444469274
1.7436906709817719,0.709144009902292,0.5074411083434706,0.8163077783740469,0.25842494210582373,0.9688562413354774,1.3448855618144224,-1.1653755038248912,0.7358607028866747,-1.3200479008093595
-1.6213445101114643,0.1382712187274436,-1.4632664263574948,-1.877590411919803,0.7094955877383173,-1.0648648955256683,0.2972675256366154,0.2692070615282964,0.2124868526454653,-0.18092026861460705
4.304884874026442,2.3682525428562777,-1.2815510133888297,0.6037020644344422,0.3418669486795393,-0.4980469513819897,-0.18888106206101482,0.36779994449277414,-0.20093412446963163,0.3088643129459301
-0.30830233567085286,-1.3342437906157558,3.0668060555994416,2.7962247059865324,-0.1426572012342674,-2.018475213151152,-0.22853378155193604,1.325646375404139,2.879226103006721,-0.24262680073839815
4.860136776370077,2.5069596895357935,-0.1132391601446636,-1.967089293977777,-1.7121821495106797,2.824921696364766,3.6922237686185357,1.1019041013676762,2.5122244686131956,-0.9590241902453205
3.8674768698701527,-0.8304739644854628,1.2422540576534276,0.8884517496144426,0.5320788092863661,-1.137845976997951,0.4783846508912903,0.5750266672598071,0.8376103830699391,0.6833916073905666
-1.1250067756049467,-1.17381229820243,-0.7006801351636878,0.6476932432453113,-0.06312228908887645,0.014273853783867946,0.34921921335655565,0.07722952987880556,0.12420072767942365,1.09488212853829
-1.349779509302301,2.5330559043782643,1.2056405457390775,-0.12488255745847557,0.024854632962164138,1.479215301837718,3.766185977205336,-2.3082616522827135,3.286064641896455,-1.885957950429111
-2.5526911603907827,1.184587277584624,-0.3374984032037052,0.8948290397783328,0.6229841024951186,0.08470045222067041,-0.7378333142140875,-1.0342935989909816,-2.255371694098665,-0.3258239932576018
5.891902683817725,1.154328408292968,-0.8293359139952172,0.1854975608122689,-0.48935945469878506,0.735460240645319,0.8331779543124178,-0.6141276020624782,0.81528087948072,0.3069743263973024
4.710183319812444,-2.269933470549953,-0.9720752255493885,-2.6107185982940706,1.2358392215386997,1.043053563095848,-2.086365462131576,-3.3717626618131997,5.477444545559474,-2.992838601816661
-2.639793468839961,0.2241148952789849,-0.6525014767646671,0.26065787239601523,1.191812062114133,1.2031591567599835,1.2798964285463128,-1.4809594950194072,-0.7951734407683677,-1.3465449223557093
1.6073524007427047,-1.134990397375264,-0.96933051273109,-1.4058906100471351,-0.5593141271227753,1.049991881365335,-2.4315892852591996,1.2726597329717741,3.7695214026801747,-2.2282950831699635
0.6813619002027373,-0.8820315164588713,4.807440484292778,0.26373361920799215,0.5862938939181774,-0.6289820520914206,0.5798795011970815,2.62866315501773,-1.208364786648441,0.21557878218946544
-1.1667587651599323,0.8605977770089981,-0.8585727619853675,-0.16359664503610755,-0.6596923923822587,0.17861581928836154,0.6538219711885197,1.0020539265068447,-1.1750688096560777,0.4234561160861594
3.004263884690985,-2.705497001815985,-2.1580439035387275,-0.4238159389289876,0.8368855727734306,-0.5028196708159004,0.4767175105458329,1.0676488930614585,-1.1455361956023928,1.2752848525788854
-1.837391436462402,-1.3269004104883106,-1.1107359366672374,0.3798808575834934,1.781388660884617,0.875497981554014,4.1215918605601045,-0.8890436466595071,1.2672671900663457,-1.0352873840687153
-0.4219282657366556,0.23415092119451592,-0.9498035017751448,1.8088677563595825,0.18726400746200395,-1.1479787967211397,0.8462584196369127,2.011908727654487,-1.3238619244491916,-0.8973044432907098
-2.2713544018460627,-0.3748610507574319,-0.5303266832589082,-0.08735837985854306,0.5755237353242453,0.2783876131978885,1.6743100639857607,0.162532899309878,0.3298388708727623,-0.28984942998062885
2.319739164432629,-0.6671601863090312,1.2569365778941863,0.9459474841192657,-0.17811550800430076,1.5145948715881767,0.18948023549436754,-1.0707473856181275,0.48859347657763924,-0.06914096919179735
0.26542715590909643,-1.4782836501271606,0.12825413484401407,0.09556133603257319,-0.6467796497689275,1.7289705124901706,1.431140085275033,0.711510850253931,0.04022661526134145,0.6455799598054593
1.2619725394763042,-1.4826618244700407,0.9199853022330392,-2.3750911616972226,0.7504948858271584,-0.08748550937843104,-1.2179799792982,-0.960139482217913,2.2277355192327386,-1.2914299509743803
-3.7189350185349546,1.6832058759848787,-1.6916443227746523,-0.7140636101010517,-1.4958129355390013,-1.8467805638557053,-1.1123431891685196,0.3117772316797651,2.192526090560539,-0.3271430694850654
1.5252676571526707,-1.4145195278750788,8.00576553803107,0.27472007078631216,-0.9618984204500977,3.3942907338188584,1.8634530249837464,8.392167217014029,-2.5561373245799035,-2.175562084485209
0.18918224299788744,-0.7905315015914273,4.641074653829323,0.6119433105955036,0.5672808132951218,0.14677018924029356,-0.3471459423934753,-0.5287209246970977,0.3627207833540779,-0.5610632073867815
-0.9392005307569442,-1.6414434399051385,-0.9853937518739009,1.8869916029597098,-0.3367274894814038,0.32915271602168955,0.3020558620732455,-0.8211459032995102,0.9234209809276356,1.2708238493478319
5.033344660319551,1.4892067967761324,-0.9058607988559643,0.7890445006986313,-1.0861210225747076,-0.17769657259148522,0.5927002733597817,-1.7495153247088644,3.844750039680329,-0.3436321666786985
-3.413372425592098,2.4247488966930293,5.255119750374176,-1.1725376806861556,-2.0675526186429343,3.0846273413684595,-1.5349970375205484,0.6516179470252965,-1.1925949768795685,-0.8106949472228796
-0.9502627662091666,-0.6080711716266474,5.562692670823728,0.29112350888589955,2.8965813956946516,-2.8071847099363145,0.46211449258162646,0.3508200708862461,-0.4432921340967988,-1.078311213933283
4.476844555439467,0.3511913355009689,-1.2032881661691976,-0.8345764580403869,0.13100857490442008,0.8621506392263216,1.4289909036808504,-0.8944782846528522,0.6820798248325244,0.22366046778182724
-1.6989444729949021,0.7454438882747534,0.9187722363478528,0.2753434243893927,-0.8276597123566574,0.3470567320902699,0.29583832633392826,-0.4866416134481015,-0.0249121978314718,0.9278561775605155
4.145588934846653,-1.4738104906489367,0.6883609536939291,1.2773320745390089,0.3445072987294785,0.807306269914096,0.21087335309466065,-1.7941064731920982,-0.0012291810006348513,-0.17787375864160448
-1.606899017098867,-0.5708026137528074,-0.20851779914480997,1.768548081264646,-1.2256662945834806,2.0976270392653853,1.3105441817920525,2.1095086509916845,0.6612153598004142,1.6717238487939932
-2.7024519989295963,-0.45436093574465675,-0.5482197402539375,2.427727129575023,-0.5070548478805981,-1.1291602557024871,0.21044093644694015,0.07065034044273832,1.3128345693762873,-0.011121522430971182
-3.1580295081761225,-0.482894841666349,-0.07439146915088801,6.469081698221546,-3.0148579321840914,2.021674559058059,1.074766515596185,4.585322724682908,4.830153670156378,4.746196207763076
-2.160530860682492,-0.46982160323368755,-0.4918583420744868,1.9690797695392672,-1.2218041944554234,1.2326884113407417,0.16111942174068444,-0.5605053319043026,0.5773646296931499,0.6281393213669912
-2.4666328886790527,0.5974304429210376,1.0189616726822668,0.5397194243160092,-1.9761204696824024,3.3918809359169413,1.4701326859162744,0.23118216599785177,-0.026204308498494536,0.11443205654473972
-1.9531455385494234,-0.6799994306410105,0.3758639821116736,-0.1565552754353211,0.9674849056383859,0.5758516881770164,0.5123657595571889,-1.801519009948185,-0.22599145384264552,-0.7473403903892721
-3.0447839139278883,0.18079709669137436,0.4967462484607141,-0.6604578229876215,-0.18989079778944462,2.5095379157265625,1.9605971336674852,-1.2972869819960082,0.7242692924669306,-1.443207421158509
-2.9362228910721333,2.1080816339490864,-0.4879200117817005,-2.64583712285809,-0.9621636751093097,-1.5936840859686212,-0.87807161828731,1.2482813265100552,0.5013727255416678,0.9020096941808208
-0.5508850741367028,-0.056970053893203185,4.673615440715486,-0.165013072468528,0.07061295915277281,-0.35119928082715496,0.4748679333007919,0.5129639772441565,-0.2556868295238669,-0.9042461812809078
1.232323554056976,0.22140393315637813,1.5446245139715995,2.6659075792951334,-0.39355735512154244,0.44434914428303657,4.189428299938251,5.252693882350495,-0.5022989277527329,-2.598223967176252
0.267071749599396,-0.6091516667191245,-1.5665829563877145,-1.6008593178498558,0.22698853579157965,-0.8951640389095917,0.2814790335625519,0.32845307059688017,0.041510572066782124,0.5971649573370542
2.782979110811898,1.5620598871018259,0.4521312156291484,-0.2738542552990072,-0.1408951360920668,0.43970429181911697,1.099033144898545,-0.24849299774172084,1.167946699323475,-0.025450785015620408
0.7010364809369919,-1.118673793157704,-0.4962610727990853,-0.4192298012638567,0.23376637396955458,0.7360898980409692,0.5316636530690393,0.3894841689028711,-1.3316856706425864,0.1956365382013434
-3.5479974205378113,1.2233150141657847,-0.9326240078759771,-1.0629604167261828,-0.8101559212686497,-0.6774875840468885,0.3590380705736227,1.7741344559010752,-0.35533157398209086,-0.11751373389870468
-1.3083683653064988,-0.2877571777645492,-1.0715055514173784,-1.6700663225295929,-0.6718545849443555,0.31285808437750645,0.1266673921867474,0.8071806283124061,0.03380235862935129,-0.1848200552133235
-2.3234268243745917,0.44328048932703934,-0.7810332564440003,1.2183111558958686,-0.22571881134111285,-0.23359570846431912,0.7681266298665377,0.2622325003198534,0.5850885835401571,0.3956636162400537
-1.2895022922632013,-1.170357654823185,-1.0860295888399483,-0.5000685829782217,1.370880068470979,0.13305731443232774,1.66280978421402,0.1539974181085032,0.2211336814037367,-1.2401889726519437
-0.7484961709358563,-0.8667026470251187,9.072980048686974,-3.7280602086346586,2.6992563843210946,-4.832114319086031,5.578835860618809,-7.21625535443343,2.3191254715830647,12.756155532152537
-0.9245499416913991,1.0813427147959074,0.04496255414989749,-0.4738718365852343,0.45771967761071364,-0.5926868822368218,0.2783964054030583,-0.14429207959472926,-0.7446698409476765,0.9862021514022987
-0.9832470836847176,-1.6544319317228706,-0.7697104815335528,-0.08279530294210291,0.2550407580044303,1.0791371641481238,1.2320847926228429,-1.5996881537192944,-0.05893668383064232,0.3189745967427241
0.5634694905804273,-1.5810461107484306,6.643053298135287,-2.381262871240899,0.3402971468822894,-0.41165579810625186,-0.05101076097132889,-2.348091623927066,0.7765982305728995,2.1248484870294115
1.8309486436583156,-2.0357912225672545,2.3492543696436496,0.6448865024246523,1.2262438069643304,-0.12108709535325379,1.5626038286104094,0.8660068959135021,0.47585471167525,-1.7452730340842502
-2.853900366789837,1.2033009355947692,1.557361568463955,0.510863922705289,1.0049607453952083,-1.148661695938706,0.9130069948281315,0.37834919531247596,-0.17138079347568833,-0.9332334837551949
-0.4367120583627813,-0.3064947029902278,4.438819989350972,-0.7262164050613402,-0.16860733289645055,-1.0678908733657706,-0.690161242608109,-0.9197590933549019,0.12490904933890017,0.8775709003024271
-0.07449882956067395,0.4271641812479536,-0.34073140720216927,-2.3187729292534613,-2.0936532642261634,1.7984518418406028,-0.39324110768477516,1.7194426988811533,0.0944780060280442,-0.03618171925085794
-1.0716651137801125,-1.2621970771600508,-1.3078474235436202,-0.9973951819547012,-0.48011625205141567,0.6207746145404074,0.22493286420956315,-0.9256490826825613,1.0031086012024395,0.31703354523555793
-1.198570820650559,-1.0779296662592233,-0.7648316314294108,0.43523804435840907,0.32106976558690753,0.03220194861683218,-0.22678684329454926,0.2954127595749836,0.10234079356185681,0.22306537397408047
-2.2631605315412746,0.10744188519087697,-0.430660921544712,0.32915464662248295,-0.2859436724222762,0.29562668178982066,-0.1870714983214324,-0.4593632197298935,-1.1138379253594488,0.5187254849453565
-0.5828321960120088,-1.0837194886208201,-0.47849126665294023,-0.723686868179626,0.43384233272601763,-0.8553066527418501,-0.020693680115358756,0.5107638364747178,-0.8670975403394003,0.9519500240629831
-0.5127899519367876,-0.5824393806578364,-0.4896874937524063,-0.2262276486100094,0.4443606982914145,-0.5962480721709497,-0.20801987162481167,-0.2338571149390989,-1.3054242176829562,1.2962515562489705
-0.3244856130490219,-1.805497271148842,-0.5477824495105389,-0.1969569091414072,0.06989541366642912,1.0959099874035392,1.81184307694934,0.9702676656811886,-1.537268581503836,1.135486372653316
5.9801348316909975,0.35414910810634737,0.524887643078959,0.11315069863852985,0.8965391495353713,-1.2028943735519773,0.12023416923985555,0.9715894634845053,-0.4375797703795051,0.148979593177986
0.6533810136703132,-1.417964189222594,-1.419781851775756,-0.7731225332691726,-0.192717815627328,-1.5075917467648825,-0.6484093305321698,0.9476303408837775,1.0517441246551968,0.6308449316472645
3.351467333198858,3.1354898773998365,-0.721707264510179,-0.22976400473672848,-0.1221129746203908,-0.15308045923331035,1.5452893730098367,1.7848197851611682,-0.8423638789766273,-0.033725944236693575
2.3236881687768096,3.6863661657854694,-0.22472443377054474,0.49574526487423376,-1.1332371216864927,0.0010613986614901887,0.4826432744331062,0.018960075066330916,-0.407828692403932,0.12181099230549124
-0.5268529504243661,2.7714047310846,0.32634971286755043,0.680257246683598,0.2198252991807375,-0.696614919218847,0.8163060688420559,0.16445295946205013,0.4512551640273498,-0.6773085161671699
2.9876725386715646,2.568710760806928,-0.08955028988515484,-0.17798120028357584,-0.7387447408614383,0.8897107744722501,0.9189606609976226,0.23757621038755275,-0.16564633583592336,0.20702560040011303
2.4552300947456462,2.350497758196927,-0.8154057090226483,-1.3919540886127104,-0.4001984320702039,-0.4627422645041471,-1.506149812678678,-0.5568262426960667,-0.012611246414829065,0.41321815083935376
-0.20445534538764884,1.190308628012589,1.3870945698742723,0.11285698216500971,1.237380572954744,-1.7516094599707712,1.4108667356683844,0.17867948860857805,0.32093887171947294,-0.6170989277140054
0.8927582451058468,3.2040268495902784,1.3799011733920796,-1.1046064161321067,1.320938102178536,-1.4916674486017374,1.5931309771346376,0.08355949514299531,-0.06075657005200904,-0.2304877241117588
-2.6937112158023293,0.03514394297677274,-0.3916465844516714,1.0499023651825303,-0.904157971274701,0.8222729566350558,2.0613056249050943,0.05368049277834622,-0.3893016683368032,0.6667902416498737
-2.549519403473514,0.5346723010682649,-0.39478146527154434,-0.33094346699994903,1.302743168063753,-0.44970088010616843,1.3195938421804414,-0.08333407536507004,-0.7193092707440398,-0.38464016010851276
-4.364919335234883,1.9762356488031405,-0.792695701113027,-1.533096128147443,0.4280585518324604,-0.7323074324076037,-0.8244696495887873,0.4625345212543016,0.015210517514421965,-0.4221543577462596
-2.1980167008028224,-0.19009396845273674,-0.06749680647558008,-0.52338850792048,-0.43134849676651427,0.23944921257804322,0.1581541639761215,-1.4051158372090284,-0.713029815252374,1.3189272987056215
5.774379082834853,1.2794656401418516,-1.3839213195322932,1.1328667987732828,0.05358365971926337,-0.6721023148345026,0.33944176443177115,-0.8034186891436643,-0.4341852591356242,0.20729013671690433
-0.23739018209790225,-2.2775650049242024,-0.34208144971302734,1.7668292575297038,0.3742421686076974,-0.7457051009666059,-0.04259946679628752,0.5023634429872826,0.24847529163480267,0.577487048172768
-2.9304739744668677,-0.15796322732412124,-0.1550546113921428,-1.4516801667696415,-0.4640264999524092,0.4430760558838299,2.3418854843065304,-1.4607512666921239,0.25114329700351445,2.5480680684597248
-2.6351583209417133,-0.4060076187266896,-0.8632897319750055,-0.09439317132398284,0.4840380324071531,-0.13505745490789597,2.1501966732942868,-0.3264606907360083,0.8639009110878378,-0.4061186548779719
-1.3049458780116487,0.051920597259548305,-0.32283502888493926,-1.2657977000068257,2.4592057463155825,-0.700346037594979,0.09569901911390631,0.9674259676867852,-0.11094645545134296,-0.7795163449867359
-1.4672538918350024,0.42070952344826756,-0.7001956597537276,-0.17389783283055046,0.8061125920258428,-0.23192799020904925,1.905705877329689,0.11936121791806163,0.3972657813685769,-0.6578197181912455
-0.30365571888675036,-1.9863251744331492,-0.6647062447112371,1.062958673516268,-0.10125577268394491,1.4687380834839665,-0.10690311599283363,0.17374941852043255,-2.078655821333151,-0.24216757367590847
-2.2690665726702406,-0.4984116791847537,-0.6918673476472486,1.0395669610340554,1.2007011493486333,-0.8084526910279718,1.131575108883311,-0.2695540582241387,-0.9153305806108558,-0.43287362781403954
0.22152065635740614,-1.585769544526053,-0.679408511545334,1.276847972718969,-0.012681369471451463,-1.1573946991768664,0.180258658879845,0.3276940296641786,0.5842210190628389,0.9615515641745418
2.0857562643108913,-2.3999728434927974,6.206810443831693,-0.47997622356401126,0.7706519809271114,0.7433927591151974,0.2125258914935166,1.7600683225199285,-0.24828981584649165,-1.0087931692357508
4.093985814968816,-0.14163019697219228,2.686572354933132,0.02614733069441886,0.7631594232710937,0.14829257562647702,0.7500206509479382,2.5934373222264715,-1.4558632953212864,0.5429077212790125
4.271507682386801,2.6023056413370247,-0.7527045360671248,0.7986419184473207,-0.3301828568723995,-0.8777524901528416,-0.06921019811026632,-0.5015734884705301,-0.12772043305549435,0.024065218045033008
2.2340544659246975,1.2226860757015328,0.7600055493072968,0.8136783457452939,-1.250199295553823,1.462422843761194,0.030492254826311682,0.017910553842944685,-0.24754351633298935,-0.10086160857302374
5.216431077377771,0.610917363122384,0.6008105038065104,-0.12110618989952253,1.2137711444879697,-1.7587610473415864,0.8905584278376912,-0.05322959386606985,-0.7743481934405075,0.04500047690566925
6.590826798298097,0.03552597860713469,-1.339330388137285,-0.21834361598180607,0.6420161649833352,1.4193314934687624,-0.9410559456096483,-4.199841537720049,5.600144892215215,-2.699116049958938
1.0260213136455785,3.396549155759032,-0.022969287407597194,-0.5248377347587099,-1.0034994589283106,0.11778461890180697,0.12303733999447929,-0.8526796486609703,0.14965178803005372,1.3600575470674932
4.6889158942683045,2.73565157152617,-0.6293420108804768,-0.2850643590869115,-0.21594609770106696,0.9454199595032128,1.981624746985947,0.7843947080353055,-0.9921499442141886,0.09825159205965416
5.952092921386403,1.0210842869692476,-0.7107810235224539,-1.3939658963057795,-0.57443770723498,1.1110223347297203,2.827804924653038,1.3583154275851308,1.423493109965368,0.47552576264169255
2.7704355673784824,3.2617344414859777,-0.5666571879895728,0.38271513132547735,-0.939928845007432,-0.2760384125487933,-0.2462091759950927,-0.5744190793066838,-0.26629199428167033,0.46986544544440234
0.9296771496201461,3.966097106615854,-0.3029650701299917,1.1904075199318338,-1.1552056154993888,0.3133271366013345,-0.2390224823045028,-0.018069747417537044,0.9304026071418694,-0.21870863662231596
4.839790745255933,1.7739606186385632,-1.0354049398474277,0.590840171628601,-0.3201616873656721,-0.5406163809706742,0.44008876129989066,0.9103513338013542,1.3563460036473536,0.8167577750414556
-0.1741242706065202,3.874714689168903,0.06264398800134677,0.3567783259800436,-1.3012358108190876,-1.6148426590759806,0.15579669056493556,-0.8742819159158463,-0.020937361395650587,1.1442990192519495
2.3105285345235087,1.6822691100807596,-0.06779731367233974,1.5101038356556458,-0.40228320211921964,-0.16466948215882798,0.008772797344630403,0.09784155667887551,0.08762106413451284,-0.23009850076543922
5.22779858324386,0.544567007626986,-1.2204172023246296,0.1771655495460792,1.047757740863123,-0.6353442625434572,-0.7234314839756169,-0.8102013081485365,-1.0208849153884478,-0.9858273595952232
-2.113396485473917,-0.08390423827306188,-0.14211100434751542,-0.6306255928040423,-0.3926910948191923,-0.7903169997427095,-1.2827629394395013,-0.6585099850736379,-0.9354106189671387,1.7456239578721175
2.882779511446609,3.3398772903519593,-0.5440313235809586,0.28583556066015553,0.07223927334692062,-1.4704211063541894,0.7587186168525747,0.02173361050594322,-0.349751129042576,0.325392016745107
-2.377484009004159,-0.17278262898696495,-1.6106159501392692,-1.7685973060626123,0.34684736548991935,-1.0106256188894036,-0.3339261747658302,0.8640039853959206,-0.3150164083900019,-0.048972764112926205
1.822632311531268,2.452883937282761,-0.982763536719214,0.5067155615970504,-0.6091075380753344,0.08891235389571357,1.2101244179678787,0.0023417368905491597,0.3075723405651999,0.13637831680455076
3.5104668023083017,2.604787759192996,-0.8191687391702933,0.9890524996606339,-0.6725201990739138,-1.0033688350589347,-0.19131306557005842,-0.38681357952424844,0.7112186883993263,0.495590686938192
3.848898660160337,1.9537017851795109,-0.19083033365642219,-0.7068922824504745,-0.18813022925200026,-0.1285796081446036,-0.44673383820137336,-0.7576189745608423,-0.4583903826637183,1.0548559464494105
1.8389457360246084,-2.397818959437541,-1.164832395244692,-2.1526458922536507,-0.6104770012295353,0.36015757778836494,-3.311924581294674,0.6883462962465842,0.4951436499580405,0.7410601087429609
3.386981649608296,1.2981662737429125,2.522721154611393,-1.9352652313104355,0.5570114029230517,-0.9016873567860205,0.8262587837216694,1.288319375430816,-0.42144514426604673,1.5270779409718163
3.6001127273652918,0.5995668735802339,-1.3150879917649674,0.7285697365406208,0.10131893352828747,0.06850728616908872,1.084417946739192,1.8419427325368787,-0.9052960530148726,0.5132161108490645
5.701894232694869,2.2581102446190955,-1.0610153257101598,1.4775087350963176,-0.842999888504212,-0.7900062785833947,0.3303841875978427,-0.9767346863595979,0.32765946973717347,-0.2405885441804449
3.8224037486725266,1.9534526127572107,-0.5666379582875445,1.1005387885452036,-0.41284984005734887,0.5591402237246944,-0.876177264098023,-1.355293006225261,-0.5613009970391362,-0.2924310681016347
-1.176557718311305,0.3325891589260588,-1.109690090175846,-0.6134413931961319,-1.0438027544969328,-1.639893725648971,-1.209798117719787,2.172506976187015,1.436306305323965,0.14554257036857673
4.191422486118927,2.3049871407786027,-0.8139318465326589,1.5332603149293635,-0.3068211647975735,0.8949177366829669,-0.3409946144109777,-2.319786809737906,-0.7718242625982378,-0.5762119636897628
4.041741146007503,0.17976911948286486,1.2082237769640227,-0.22215204055285595,-0.3211363027745153,0.020093507337266753,0.9233750374316863,1.4777015263522069,-0.5301873626347544,0.884408858144781
3.378682024599401,0.8090987695505425,-0.7835760750846058,0.22988349407841488,-0.178355625308348,-0.9183193807908323,0.4778300654774038,-0.018820270268698352,-0.02188010112705728,0.6132464906897306
-1.4522851438458682,1.5775078894610095,3.640757242333606,-2.5933117160421384,0.7366706351189988,-2.1340351799290915,-1.0633188848515285,0.5696957435089957,-0.48693242264574105,0.4392138917168649
2.6578402129099237,0.23411898734437894,-0.48486986386523273,-0.9509852030203089,-0.1948048987343263,-0.8064843261156476,-0.9463059261699232,-0.2508291020190811,0.12916601352584672,0.4267779895597538
5.453105165394444,1.5323141411719,-1.0425994167365256,1.1698446217703529,0.012782783147589719,-0.7034772824540512,-0.8458176541491687,-1.264799370523502,-1.010635023352536,0.20367110969738483
-1.1005365205546251,4.019556724586542,-0.3417872128278373,-0.7999938174690717,0.5692691291519814,-0.23234626506495343,2.3798005541277405,-0.06897470072565542,1.3840143123103708,-0.7217854321707193
3.131308365250539,2.6234934759008284,-0.6450634424311011,1.6233280186551076,-1.0022395967821143,0.05507767099411715,-0.3962493297233539,-0.29328597819345137,1.4733322631998678,0.3810660024320664
2.0509471315533117,3.2239288795351366,1.9009347489385409,-1.0852447067081785,-2.952440317751807,4.999138981480728,0.6699708512933104,3.358353652244183,-0.7973344002311553,-1.1521763324985665
5.076019392738916,1.8215375602349464,-1.4558803897109478,0.9937515452429476,1.0056635268908931,-1.2418664184230608,-0.23712910838130707,-0.44967272742366576,-1.407249288267686,-0.04876610635490952
5.660074169214352,1.145220404037553,-0.8556682530992149,0.4043664018945697,0.09505701886522319,0.6070660440030727,0.7516494306860902,-1.601402270595676,-0.626623174484783,-0.11091481950344982
1.5146469739940591,-1.8464991171157115,-0.04887422731592275,-2.3009291430409813,0.49370715511009816,2.752331115685541,-0.3902265260419562,2.3362519788415437,0.5537232007508401,0.19386665802541084
6.365790571038053,1.745903612836537,-0.9379489996603774,0.8129109738794176,-0.6239868006360468,-0.14103243903389323,-0.1169700207991312,-0.7063647199222263,1.028555877222094,0.35774864480339824
1.5157067924678187,-2.36685805894231,-1.9554254108997096,-0.9794333925093064,0.3712570308249768,0.2897534706666756,-0.9968579555565792,-0.9469393752558803,-1.0569822663816977,-0.4836983804442987
-2.153523323095898,-0.5561913897631806,1.5294609124959644,-1.866706046520206,1.6154241461003263,-0.39083888189411703,3.8374986121458403,-4.106675550253112,1.433769469074564,4.5288570542062025
-2.5121475844192904,0.2118456179120278,-0.7495778103167328,1.6094954397606704,-0.30844373541866027,-0.7038166894219272,0.41058487933511717,0.13137690675921534,0.19367904237718503,0.7006749485808463
-2.657787961994474,0.025464211972979992,-0.40245403038109323,0.6197723462948095,-0.25282991323544146,0.17646691628724223,0.28565882280966326,-0.8812912106408185,-0.749763541449369,0.41497474687443964
-1.1438482122393538,-0.1353227690437638,-0.40175199438355985,-0.2669006318816149,0.4273706549556138,-0.6925929000051976,0.5815035681129883,0.6053018763829775,0.22679834932557663,-0.09221929871069103
-3.3078133146313586,1.3350454681157102,-1.1784554683078887,-3.297601557007157,-0.5010563962973357,-2.059304857089615,-1.7045017709271229,0.10602828806938874,-0.7997190543682559,1.952663497483485
4.072135489676767,1.8237721776971845,1.212877361803171,-0.5151231813445433,-1.5795261820341473,2.8022889105935715,1.858470754020588,3.0719544291637892,-0.3217340544551044,-0.8999356985359723
5.616450968246089,-0.45095167302042855,0.5573736024473658,-0.32913504400036714,1.5844829823005,-1.4062503111534566,-0.35217030950366246,0.10907719074364375,-1.0983686589836772,0.038875242749502895
-1.9504169150803228,-1.2668111132759416,0.18205929257301848,2.2339787587089983,0.3942888953040682,-0.3215956392595631,0.050734456704272526,-0.20870486050941844,1.5191795306006477,-0.7002594289301679
-2.672054453679626,-0.05023935949453854,-0.2491290486449277,-0.35639315831057106,-0.7102889751026428,-0.2639635689545631,0.48547425186122833,-0.656450142537364,-0.613315325123528,1.7788891252841565
0.1033446943100526,-0.48146336546986224,-1.412328732873568,-1.4380102655181657,0.06636053524580629,-1.132263983190668,0.2018442510510926,2.367054983197071,-0.6286159431912823,-0.31802290254643645
0.4299721506468368,2.842226353958119,-0.8994984396160504,0.7847912905522808,-0.08616328799128758,-0.9574478266979791,0.737657869721072,0.0032496234010566238,-0.5029241201487994,0.3810333862422602
3.2730881563993983,2.441710827241409,-0.41158782678027556,0.21380917895459717,-0.49306670966342214,0.48710895571014495,-0.048467032015073186,-0.3701520619055663,-0.10075249348264315,0.04391939584461366
5.610243490149937,2.488249384984198,-1.3290073942498393,1.1036892107250293,0.3967230667786979,0.07638226365610853,-0.5293959168237616,-0.7330140380317329,-2.080767042856332,-0.9308802236097085
0.02636277121246882,4.088896741996169,0.5388928146592552,-1.3335115793712662,-0.9041375094254049,-1.3037025311502426,0.1131624977299776,0.18152113023802474,-0.0907751426253114,0.9286872921039563
-2.5934780217196387,0.5561235777055715,-1.3105926235114926,-3.3271031804174944,0.7851623945818111,-1.0047384476605117,0.41839335866204697,-0.1357542588901815,0.7318489967262531,-0.29562525226194813
4.150445894825101,2.6166650711877897,-0.40186794066314435,0.6586126380177555,-0.9227489302080817,-0.0212516714078838,0.5379380522276954,0.2125164437836398,-0.3187295276920113,-0.051819934951364124
4.3917771873431235,2.781847314303215,-0.6844148753996123,-0.7621263071462651,-0.6343116819488398,1.1168373231180304,1.300793980434164,-1.5028795455953734,3.6800428342441287,-1.380930739586234
2.027081192887458,0.9890250442604661,0.276820799783264,-0.5960786401005079,-0.044557357333366264,0.2327947253388772,0.8916734607401872,0.004622861544863727,0.5779106529550693,1.393761738120753
-0.6700405540771298,2.851686325274036,-1.1955872956123703,-0.17535608507701497,0.21928463769742979,-1.0725390556924543,1.5520252484238528,-0.25680594687535413,0.8030603180541033,-0.9367287205611895
-2.5690014627711637,1.3119159815091024,-1.0218775625009326,-3.0478967546394884,0.392538580737196,-0.15422398490866235,0.22801913659870937,1.521496131963627,-0.771778647023775,0.3372940016521913
1.1446816971792735,-3.133848743816069,-0.9279274454332185,-0.2955015875642986,0.804960265606486,1.0964145499802391,1.6303632845472742,2.683694763481989,-1.9625259397606072,0.15467469119037325
-0.048554609460400126,-0.25263346412654886,4.174156971546918,-0.7954090581591663,0.4016552483655598,-0.8541419670094476,-0.5828734442493241,1.7768434080939848,-0.08850651818479414,-0.2520872389918177
-1.079042443078088,-0.7996857506363372,-1.3459774740343846,-1.9618962768770778,-0.24255841317014307,-1.280292392245846,-0.10526882166037006,0.008817093201574451,0.2366376815169927,1.0415079602512711
-2.139935334165491,0.003526303611216021,-1.6018541956066068,-1.7437785052308987,0.8868829549427523,-1.018233504235053,0.1929799289396309,0.5765335998294996,0.24508397991856476,-0.705990319352455
-2.760179321824754,0.4837235105432198,0.4830545131449521,0.8967053745987227,-0.7821952023536554,0.3851542167868243,-0.7985167086167871,-0.12145614357940528,0.7292645834140691,0.3583040883329462
5.812135279321096,0.04479414769910475,1.9202528614949184,-0.7529358077430464,0.6504289551919566,-0.6537544596396216,1.368473961597248,2.8920538599966474,-0.8132801529542127,0.43820920579390193
3.5740266034895884,1.4633424488018938,1.466656548727854,-1.1290559583271782,0.5125677034198971,-0.42839663200771283,1.3187582460255534,1.3847313340604723,-0.624417464572565,0.2478161515764366
3.0937739931254624,1.7900016647399097,-0.6844234374421754,-1.3765457701218207,-0.03834746492105278,-0.6883482643366673,-0.694489656126046,-1.3080395064869699,-1.374662911560572,1.4986324411491336
3.933695202088778,-2.828551561186257,3.0686497127901293,-0.13737714568905005,1.1592596979645218,-0.7750322346329219,-0.10206267446870515,-0.9579899492049058,-0.37127085386551256,-0.0064901574839489155
5.2335328373540575,0.483263270166592,-0.3527216931536499,-0.9974645842154237,-0.7256131203984127,1.5348327631210121,1.5956930365584245,-0.16101238312852198,1.8882337737734545,-0.39365899012925143
-1.0774864998966929,-1.6416788911634568,-1.0008070149197874,0.8546744264301853,0.2186504698056515,0.26530334173561876,0.4747122235723962,-0.3005424736579951,-1.022420700610148,0.07072476069950143
0.30702194740923994,-1.3143795689365132,-0.9965095431123526,-2.6705685834770496,-1.158250622130057,0.7440919712309697,-4.152051624554771,1.2869677805611188,2.2422009570368853,0.13167938288445213
-0.2311875079512201,0.3036148698694715,-1.4274037122546233,-1.0771714443447118,0.6376054184623187,-0.19467648071570642,1.625867701313103,-0.28290196057423533,0.20607963567930146,0.2563479339256457
-3.3901409220360943,1.1857833424797821,-1.6722304070527145,-0.1312433482166409,-1.5757949511922833,-1.8187673225248213,-1.9761199075355576,0.1164039935088554,1.440913256459679,0.1294538183111644
-1.474790860044432,4.924707598829729,1.0322344844154094,-2.3511340623669077,-3.0198050753072607,4.962560574121411,2.269827012892549,-1.571436834292276,2.7363211648835253,-1.7648798872262892
2.1028335812254957,-2.015544862979641,6.01029385214232,-0.1948428931482196,0.7921868322945309,-0.13809454704612215,0.09119922415447959,1.2684741726096258,-1.3729005920818147,-0.16431821342992856
1.8667564085154664,2.491382718448452,-0.5356586419325011,0.6826215619974811,-1.055031857933524,-1.242025559059696,1.0323575667496585,-0.10504514819344356,1.6962423131998974,0.6676940147881308
-2.8790169514558897,0.887351236595896,0.6776408117166508,-0.0770867571289723,-1.8876786059782766,2.2036401416781355,-0.5431475234566321,-0.27795363434946685,1.2860037661492518,0.30439740503893736
4.569616583699846,-1.1646114215217325,0.012381735347011584,0.28591206611577413,-0.31295353994467556,-0.27420122403444186,1.3252890504564023,1.2711674580890533,0.3275456683496654,0.195981220279731
-0.769756559373382,-2.4123987320537847,-1.2279727268443128,3.5428615102980934,0.5278189578955665,-1.1281740780571605,-2.206695818817025,1.8399171235887624,-1.1458595738077344,0.6264046165327292
0.977119257478221,0.9594226819105461,2.518640719214807,0.45727694631341026,0.014813495707251408,0.2870912711121211,-0.3860401127852278,0.6983534239386783,-0.7120799894303212,-0.4323039065742933
2.6349343624329857,-3.976660943053368,-0.8999354752291746,-1.4283307387114044,1.7126653657635604,1.0997949879938782,0.06657211798477435,-1.3964991300945455,2.0303330000164754,-1.4992988934751408
0.8259294496053106,4.768668081282882,-0.3814973733392596,0.8060865366846638,0.0029502025125601287,-0.3194211634033169,-0.44160206336596725,-0.9142068125438452,-1.1175262272111957,-1.2583270527934332
4.731150123539636,-4.901583719712583,-1.7374852027116547,0.6009558340628526,1.467576341895009,0.16253411083895658,0.1314037709800681,-1.2855894565690096,-1.365737575558733,0.07762893230383394
-1.1049790815890141,0.03381119032248594,-1.109001941077999,-1.8292333025406864,1.2330747432981743,-1.3926926496942968,-0.7389595599747835,1.3928103606278772,0.07579437187241568,-1.1120986876936823
1.8007035034214536,-2.0670648072342654,-0.4643913350320923,-3.8688557835417035,-1.9113961701571416,2.08381759586014,-1.5252865652109215,0.32470541047823026,0.4815576597168919,0.45296628064203776
6.931200654045302,1.398050495466887,-1.2497758739273732,0.9966858359570886,0.5958808021010967,-0.9438584298324076,-1.5161645901641758,-0.6447015781423316,-1.4479845584563702,-0.27266094363084364
2.799851310199623,3.1192395305139966,-0.34680960552319606,0.7520583696253783,-0.620774874578058,-0.509306243742169,-0.4242510613437362,-0.462182078919685,-0.09058937173690253,-0.15284825736137977
-1.6807964323487592,-0.7096764722129987,-0.6454683736707213,0.5038742596863233,0.18221645091132183,0.2343645298769639,-0.16977080107561496,-0.20666397190100963,-0.5969777372690163,-0.15117543030806263
1.2638964312942835,2.254365624208041,0.4855898421590299,0.5717936170715995,0.6591434722708023,-0.008961154648516274,-0.4529832136011289,-0.15828877649735032,-1.1692946727273927,-0.3032842940493583
-2.933276904170945,0.6427889824518895,-1.6650721233152093,-1.599145115132389,0.8641958395537067,-1.0904240806263577,0.6864580861574815,0.22989860859202035,0.20267038196573653,-1.0615979196261458
1.090184367425251,-2.7313388130446947,-0.2977677633988513,-1.4127436833774247,-0.33777058076963523,1.4316065464264183,1.294422570847043,3.2939984394395596,-1.181837098214725,0.9922409961737885
-0.6502280678490454,-0.811138293355479,-0.8589047864465045,1.071364878939407,0.39339410940197456,-0.7641724486327655,0.11511996170268116,0.20720969410744763,-0.9274221903526723,0.30254143758513297
-0.3823027775494643,-2.050431127939971,-1.1020813270941259,0.0692376460413745,0.15830887616523553,-0.10186989403011605,-0.2907575239429375,1.2014522844743982,-0.11993589099838875,0.8870910094606189
-1.144356287111723,0.16007917190014315,-1.278417094619886,-1.6598680669796737,1.3300484331868183,-1.2302064973258113,0.05468162579255187,0.6938593938479181,-0.5037408861769495,-0.7660909163640268
-1.6885763039091273,0.16097399723807054,-2.074990029983706,-1.7798730310118624,0.9594833077788826,-1.996952553744179,-0.7101033287507588,1.3747091200098744,-0.6762499190008205,-0.3861702612271432
-3.3533272655581277,-0.16428757119593537,-1.0442960687150864,1.891621065135674,0.6809049814852489,-1.2832032133155558,0.6966758381402366,0.3216068528087316,-0.49615835832220023,0.10365551566260957
-1.441635099792751,-0.44441155291334045,-0.3080629954750773,-0.5596586685115297,-0.37444391327734416,0.9933562989786344,1.6125620755938153,0.26725731135414316,-0.5345855291589329,0.924209029405205
6.942095938278604,0.5889683874655769,-1.1248652159579389,-0.019359685128711248,0.21983131411602486,0.33763104902637564,0.6252165702910035,-0.9864702965453337,0.1025801176128566,-0.20136463199838575
-2.4461204480990544,0.6238924838951357,-1.1712250835222202,-1.5313289375156864,0.30942332375597736,-0.5166587449728512,-0.3030863975435296,-0.5704532990723838,-0.18914614941458424,-0.30822543590531337
-0.09074555855153729,-1.2225623823183953,-1.3417947329176079,-1.0863545843335536,0.9653810379602297,-0.9828160619224018,-1.2115310165444626,0.8891111776748714,-0.12230123366947884,-0.8569628400202639
2.1035592248545396,-2.7934605631359966,-1.5383567246349172,0.9565256822900405,1.0271949421883229,-1.2202513267184454,0.09263361559206139,-0.4658958901697878,-1.3400981618533117,0.34168219291231394
-0.5172873401324569,-1.263831199583349,-0.5169740230528174,-0.04653941356549944,0.29703141594625093,0.9639396982376727,-0.8331735061544712,-0.04328414455194747,-1.345993250124842,0.8599195350284732
3.4005530678315274,-6.539756080296838,-1.690503081097049,5.019063839145957,0.7864416229439928,-2.5248018073685268,-0.13096773734793105,6.57377776774832,10.168629209532233,8.69767233840985
-2.215134003858752,-0.11588595588229739,-1.5848591232396485,-1.562086222686922,0.5358543512653617,-0.17486632402802604,0.6480490872520914,-1.0894379459496681,1.1490202294808765,-1.5021053633791839
-1.2607729399782037,3.4584926611375093,-0.26038078278370913,-2.7647383230800493,1.1464826725015522,-2.186552256515667,-0.1436047080731631,1.0676361904480873,1.6909256616305208,-2.3777590671573408
4.99842289366745,-0.06952498073514823,-1.3436301371206971,0.5952546662474989,0.39776090453886603,-0.4591395262568049,-0.14027350553645881,-0.27509839022020294,-0.8345143059137137,-0.4908364054552671
-2.774889850709433,-0.21500234131656282,-0.12847702869267935,0.58824012302233,-0.280225421485567,0.463664959592566,1.856020752045004,0.2780420072005251,-0.7217259545884676,0.3045418325322307
-2.6806624565760075,12.854333256234368,-0.367859560949495,2.391213259244774,22.27278344234724,12.006814704731516,-8.038225964560517,3.6790868397516774,2.751734510307631,6.815138925828204
-1.264369665745054,1.202729839581528,0.1075161508132261,0.7624412693109605,-0.17575386115342667,-1.5124939780915148,-0.07390552977603385,-0.7814502796212843,-1.2621738203507205,1.19127006915123
-1.9375767602815697,-0.8479067077125343,-0.5618688401587888,0.5730225274659765,0.4578554011208191,-1.2916374847114955,-0.3392007869289337,-0.5341475709770062,-1.5388744661557896,0.7730801705193734
-2.294358501948041,0.2764190083325853,0.45149386064550623,1.5211182052908765,-0.04162626499340755,-0.1981968227420601,-2.128525670422912,0.3240664379434197,0.19633326583140814,-0.04784412370459612
0.7136385340168829,-1.9422797652445982,-1.0588330580313343,1.8633129564813589,0.2098213517584158,0.5994633946333214,-0.5125522759719342,-1.4780423322833984,-1.5981296693168134,0.08798280059630344
-1.9950944121868126,-0.5252632950094721,1.9079164539307185,1.499998919679428,-0.0056853617834219244,-0.6483230316533893,-0.6698105155680978,0.058328111724033675,0.3979658365005396,0.009316596863228766
0.38580772354575754,-2.3120572654657034,-0.4944952827853903,-3.278717574525193,0.35748816295162394,2.564100132390475,-1.6538554603337232,2.327762185620268,2.640848054372785,-0.5967043460989566
-0.5302855588060725,2.760279530903389,-0.2957721786829314,-1.399600176241505,-0.9419731042602479,-1.948614402846018,-0.39221897474706746,-0.3992304999703206,0.7874124747851479,0.4749904777928074
-0.38343315965645197,-2.3155317558533897,-1.0161312327437115,0.004440624271121838,0.6449052091261502,0.839530082444813,0.1500706904757824,-0.04512514572500515,-0.5431486404458055,-0.32306477847101545
0.6110970403631422,-2.372951681536681,-0.6435064555965417,-0.6057082560050501,0.35148467254986776,0.7962613233918054,0.6185826934677876,1.1792016357806028,-0.6054238320195544,0.06328971830995311
3.6684590744125316,1.4010042943167798,1.111175689096513,-0.6697320903391512,1.0110084986039765,-1.7501817344488795,0.160426000419871,0.6523274816716531,-1.1963794162555954,0.13371228121266
-3.0394287602969436,-0.34491753061222985,-0.8365723624945669,0.4959765616236308,1.6834172041689477,-0.1024826573532525,0.9571184744520271,-0.23330869832627235,-0.9633321280690526,-0.7152049533097009
5.671815371498098,-0.3169686537409889,0.8595218556169414,-0.43929300857901904,0.9981332167355748,-1.7731374678435745,0.7064208157215568,0.6063883159286843,-0.5114871669054001,0.27018458717650107
-2.270496941078597,2.6786309847178247,1.4311062832818622,0.07991825398012267,-0.8998033539793302,0.07388344216828681,-0.7277899359510126,-1.6532473492071744,-0.3824036778663299,0.8951773946085952
-1.7233426283815487,-0.5155254144228305,-0.1257674841507572,-1.9642140733979971,-0.19108182185828612,0.17427939006984047,-0.47022324319669134,-1.7504572660828057,-0.7957552735916562,1.1849377892817567
0.7944708884761847,-0.058204838680772204,-1.08268007740181,-0.8980738304137331,-0.28322090478337647,0.0434458680963223,1.2175914886484707,1.4600521932631216,-0.631225860212025,0.22485727397252037
0.6220855906292629,-2.3583071021393667,-0.6624678848065626,0.7491591059164612,0.006209898800962819,2.039857270727422,-1.1495496263162832,-2.004648844093232,-1.3517269483067227,-0.8562519229954527
-3.279039070180008,0.05842289376174731,-0.8614615427031672,0.4651231624600278,0.5835360763777,-0.6338530505768101,1.1348098086669542,-0.5167008915700311,-0.23668978666174825,-0.2606387716393546
-1.9147809894898933,2.4033436501468057,-1.4141875465888665,1.797775483163653,-0.25142586036679765,0.5829057044101124,0.4766758040559257,0.18493534919364774,-2.331941472159674,0.6565755324015808
1.7050871991755914,-3.250732421588213,-0.9514233979463737,-0.7834720058928207,0.49723246776537733,-0.2261127986330162,0.2371681923468738,-0.7018122551300701,-0.9052166311807333,1.5224471576161107
-0.9592746629419499,-0.9187652844595502,0.35086852915905464,0.7130480621465805,1.9490717909460105,-0.7308832697492013,-0.4277598391948618,0.46459343397212727,-0.5622637371472603,-1.0535425399360219
0.42224422720665145,-1.2699567036233455,-0.5362868753511748,-3.1530988529837822,-2.2702820603290785,2.6570844618996556,-1.3656878446545437,2.909106179965732,-0.2201726314953347,0.20198581966190463
4.565659641835227,-0.21473144620627385,-0.9434435717869912,-0.009858634156336539,0.8154262257059545,-0.4372453267060564,0.2367973542091759,0.014125872696346372,-0.5200173437023626,0.15006419862367368
-2.0776060492038617,-0.007337082955660777,-0.7341372872220603,-0.7163571648544579,-0.6257712169440051,-0.36465040689590983,-1.2194398354349743,1.5346099116560958,-0.8662064254659871,-0.08792212745552196
0.5193476596552158,-1.9017389643407843,-1.0203307334478464,0.45381453494005364,0.652068096920548,-0.7084076051541153,-0.13407280398436464,0.19588679321436853,-1.1745703265839478,0.41006462246985104
-2.0679553934212196,-0.4777616996060131,-0.7179410564486214,-0.02508519352342576,1.5382581951445888,0.5108834556099247,0.6963972740549447,-2.0067297932722603,-1.2102781780670961,-1.213743043620014
-1.934552106005501,-0.5095537291853546,-0.9525252694927699,-0.36168215885752997,1.0783064009438246,-0.4212602394425958,1.3897767523307163,-0.1423052365537078,0.2439995043341377,-0.6295457095356985
-1.2031682833105628,-1.3316742162127873,-0.5744482178566248,1.3969700789839483,0.07664835038895147,-0.6850678672338213,-0.7193150391900482,0.47200489107194005,0.053674329814366484,0.17165315630308695
2.1324346586011877,1.5888424371375782,-0.5069364021963358,-1.1158830332811007,-0.1833673813543414,-0.38380889445382593,-0.42456840481734776,-0.1980311424675555,0.8666327503691875,-0.4625078810545644
-0.9340662507237251,-1.3715129490413893,-0.0942239063645755,0.275159347563621,-0.7074624617969825,1.6562818052839818,0.008654201678787249,0.46784395986597077,-1.2338550183438803,0.3637962045886843
-3.0861429599948416,0.23208655616019477,0.20441081079702345,-0.5010555377178845,0.2561901337737793,0.23380775978663199,0.3594184117781908,-0.7918441226874764,0.3193004292473244,-0.0382249645109639
1.5360969185496092,-3.342420810764112,-1.9562309523561856,-5.967471099439675,2.736912990537584,0.9111544537474848,-1.836250020763075,4.097523888580962,4.025357927881949,-2.491128841459768
1.1555194988850446,-1.7666931844950569,3.611333927640798,-0.43002821241027617,1.1013324451655726,-0.24655782678802785,0.41994815725436113,-0.4742122151635855,0.08488025829465273,0.060221110961669565
-4.77095640747801,1.0874578248022992,-0.1667719229343192,0.42993416239693955,0.13680570361766567,-0.974328965128532,0.17721762482742973,-0.38415067398119007,-0.14076967337396004,-0.30801058137955417
-1.571892715927551,-0.3579222492930315,-0.14256372661746322,0.08412804719605946,-0.6251954213858085,-0.2296682796887724,-1.451407933332448,-0.04250558694978423,0.10438337281801843,1.241773760720384
-0.21155127859303244,-1.950283271557531,0.18697943833709232,0.4269117993924413,-0.8288665049114268,1.6302836008128865,-2.527654007894678,-1.0432368025668082,3.668999445045459,-2.169909508361481
-2.4073073581291173,-0.2893284568019517,-0.21377565233027002,-0.23053537253405704,-1.2122476535026003,1.6929326000751326,0.6364926199969393,0.057378113558821706,-0.9420401023950578,-0.12226234452980016
-3.3029652346180343,1.1028361650505945,-0.4318241922772122,-0.08536813773108215,-1.6445556023477088,-1.732699942364093,-3.4769613139660187,1.3429327644143798,3.05232892049493,-0.7005962548836173
-4.102663267610831,1.588640087100691,-0.715180668580266,-1.5802483479067444,-0.7277819638228318,-0.37338814170331414,-1.931190624786738,-0.9518674198064722,-1.2402804904101477,0.6800533917835916
-2.875809435049656,2.732495918502774,1.2556966426876457,0.59815446474658,-0.1289082317049965,0.9671484282347962,-0.0022639992584435947,-1.1865557502032116,0.6052485816113528,-0.9294598811673381
-1.0709715691517625,-0.5946763456830784,-0.799602620460812,-1.291704411731786,-0.36721125803564997,-0.10471985227653942,-0.7802272855729386,1.471999872693165,-0.5858420456948561,-0.3787218635521475
-0.48234887151147043,-0.08273516296206765,4.135711988489844,0.27240880584486454,0.1443112853780667,-0.21178480473501862,-0.5343055508528942,0.4739987477592197,-1.1155181103507508,-0.33989057618052226
-2.678550518848385,1.0650410646547928,0.5203665487581669,-0.31114668760989705,0.031221793498820163,0.375224116736578,-2.439804151651489,-1.6684926034747811,-0.877121459085876,-0.14368112900999708
-1.0737266356633004,-0.4758459129646853,4.224951241670669,5.201956423409561,-1.7442136447636536,1.983258103855618,-6.619635225561863,-1.4738038436867327,-1.2934594345059816,-2.5985072503848388
2.2032611606070733,-3.6696453017791244,-1.4571213456103969,-0.22037628560032196,1.6009004173137675,-0.5883600979231378,0.7601695496890885,0.19217135880459565,-0.2916843975921816,-0.28905821185385494
-2.7074189578549417,-0.6788437619222959,-0.1654331353974027,1.3749715387284012,0.13171962655119404,0.156790529123588,0.055783423811850884,-1.2974364922188755,0.42915660561951213,-0.7802355737725922
-1.9487522388448764,0.24589233132148694,-0.289608204688988,0.036190204365892494,-0.4717781628680786,0.053948293815939435,-0.1057942158846064,-0.6290694533609468,-0.8943049286417462,0.9576319203800455
-1.5189820581338975,0.2801375605217347,-0.5017130212954833,1.3694692687533125,-0.8315848975255062,-0.7320517157466127,0.28311226648763477,-0.138528513198638,1.1340661076865417,0.42879177595862894
-0.04668603815358559,-2.429715056137455,-1.2416358692379257,1.1389285206780289,0.887773151985887,0.54824838588602,2.8444111837674626,-1.0976693308426062,1.4768521757631723,-0.42536620335364395
-3.5004459942596005,0.3397788323139652,-0.6513996053977102,0.6960342829084398,0.561359152093801,-0.7226142737444293,0.6986847277461631,0.26909639441130573,-0.5474128486792925,-0.6505943305736704
0.40324549488301714,-1.1105235430438998,-0.7671009388898853,-3.316197409362298,-0.7068857111964567,-0.5805641286440896,-3.459928344201993,0.441493318451481,-0.681839887007441,1.0763019661719277
3.066891385761249,0.07884402535995326,0.21482836921479845,0.48448038741326854,-0.5435646954645365,-1.943544640558344,-0.8990615924226233,1.8942356475118545,0.33531534928117995,0.3471737633955972
0.12729177549980727,-1.2261024754797911,-0.640999766198064,0.44907810963640077,0.20416502797197458,0.14160380560084165,0.21048533668685632,0.8282989074725081,-1.7432595121084744,0.45973260930491905
-0.12081613378201507,-1.6494249574290851,-1.9019307537843853,-0.07714638504441178,-0.17810431384818656,-0.9363888381821165,-1.4229106744700155,0.7070401624522201,-0.06060527175557321,0.44505848900083694
-2.968741584693251,-0.22570581652674174,-0.1412533949100226,-0.14200460727474323,-0.2998910208726359,0.19274064707116348,0.5485532625809578,-0.7665008836958579,-0.14893001482631804,1.3984371261606214
-3.2830309364210026,1.3165855218367182,-1.4362945806137444,-1.6195392330368157,-0.16490808006606186,-1.0567681498908001,-1.349989831446335,2.306629101913442,-1.77374868258898,-0.13057849252299192
1.6151757399970024,-2.3654557029338834,-1.0643366904298714,-0.5128714697098181,0.9619261735688488,-0.6498313291681603,0.13589088377184994,0.16547165545497694,-1.0463064660947448,0.5090643401578329
2.436135701619328,0.12676876896564068,-0.33450196672098703,-1.2804506003295488,-0.7375389633145574,-0.43137232181571583,-0.6557781133256854,1.635801260159008,-0.35807179858781163,0.1011654585234909
1.1018624258502892,-1.9809719251358224,6.239835690222564,-0.13458846763869894,0.7207031602398418,-1.8138293909365255,-2.0648597290662916,-0.9145931739179632,-0.5814780086346881,0.25655812282676804
-1.4484160386950282,-0.10344915281522786,-0.36550770044031256,0.9038033609435916,-0.5468666482800816,0.819530914538971,0.15021429047995719,0.7826747145801648,-1.4579062509299507,0.08783623597636507
-0.5747237983745273,-1.440935412285435,0.04980901666942642,0.3216061787957931,-0.1565825543291037,0.5772368093576911,0.47549646453407335,-0.7705391801805282,-0.06325986499463958,-0.4638859739693973
-0.062633303457702,-1.1545967206194052,0.16808901826202477,0.06968630339751022,0.15367888829883466,0.37152279518928955,0.5112902532727698,2.8770289474678306,-2.6936323172312133,0.3366038031408086
-1.291013055627968,0.5474064383469446,-0.5288347144030454,-2.0633280325564054,-1.275610979211051,-0.20767654198483848,-1.0526870514447932,2.1019006596324297,0.13573578506335868,-0.39742251639740445
0.4990638238457449,0.8804655489425026,0.6141891877935447,0.23484181835574303,-1.1386167606755704,1.4118677224273912,1.6944439439482226,0.01727390034079362,0.8674814299525523,-0.7263684411898242
-1.5879165130631607,0.8281690324647396,3.7793532171312063,-1.5875415680219622,-2.1307110885436207,3.9772432756962663,0.678385145550517,-0.021815477500345664,0.07978303642053731,-1.3832259002107665
-0.1899931822096113,3.1923578636087733,1.0931656541339492,1.7149684603395896,-1.9211185638159811,1.1367817555470605,1.7543416954660842,0.16978576322386596,-0.37984713257732516,0.6549446677294293
-0.4700733422007007,-1.6977207210371201,-1.0538009565547628,1.5156045268852956,-0.0693389624979882,-0.9291471838893519,-0.21014968475598908,0.2447117880272137,-0.13678013385176482,0.6902672776068686
-1.0960447146197727,3.2367802156825087,1.2465862609715201,-4.935917791170713,-4.161978165119018,2.1564512952255726,-2.6443444466689736,-1.0308405436824164,1.4390042273376518,0.2097027649343069
-2.7729273398985943,0.7680477389377204,-1.0643780675967924,-1.8023818990900744,-0.4867579800012242,-1.60667657748381,-0.3432881759470517,-0.3407362995518321,-0.22508682977761357,1.098884001757233
0.25819398519622994,-0.6527926360198033,-1.7334899457973074,-1.0987232681983035,0.32281074037280666,-1.6748052809868585,-0.7830014917239065,0.8675672886740773,0.2611010384574948,0.2388563988911215
-0.41660184836298986,-2.395092700056419,-1.071328856959942,0.42600129988232593,2.021884782854899,-0.2555732825679711,0.7955447736178336,-0.0341989770763731,-1.1364076871784536,-0.6590195474306034
0.4150759429821839,-2.6489548722672205,-1.3181739931189462,1.6110248999280679,0.36591697761155473,-0.4659732948917699,0.10449626805742993,1.3511399002293216,0.18664943190151065,0.5172085275494711
-0.8274886045374876,-1.4080370701308138,5.676918839561642,2.4957387101170276,0.343857232476539,-1.9394691156624548,-1.257346987797943,0.9683117695091963,1.3666836087136096,0.29676320854710075
-1.666872937568937,-1.672179263830014,-0.5589945658413588,0.4945699567343681,0.44388970977425046,1.6065526384301927,0.738364755776245,-1.6146144422139843,0.4027407092477576,-0.40618830585496646
-1.381776051668865,0.0552035797683642,3.734874945555452,-0.19710027272586497,1.4412132326787177,-1.2798175380255947,1.526601207976851,-0.3811702270377059,0.28818132418094766,-0.8551274907423636
-1.5109422464696556,-1.1310077636047473,-0.5537283008671996,2.0720915812139387,-0.5223103898273753,0.7330866169036396,-0.23909871616949724,-0.9099830541999383,-0.899132698645818,0.038523060135438984
-2.036392892744543,-0.9049402938939582,-0.8346939780828648,0.36138914009635514,1.7029830766826186,-0.21680242852045145,0.26035804208316454,-0.21499489485677997,-1.2001947837785747,-0.5914154979053882
-1.0710770051643737,1.1461759173843518,-1.0360898027689691,-0.4897078640371349,1.0130995100710696,-0.808702463627875,0.5803399290493554,0.0966235211119937,-1.066182078619976,-0.4956581404527197
1.8364994077453836,-3.995581373550674,-1.0932809510586954,1.532232576084268,0.17734129595015732,0.8577096680800412,-0.7478079561468706,-0.48153372574903447,0.3733260618276268,0.34291518191566384
-3.107863695323953,1.124111977393701,-0.9783321888158966,-2.5704756476879185,0.01687995158768182,-0.9605990571210651,-0.7334385585301667,0.04790282890909071,0.90719829431021,-0.21888352351005327
-5.0088267023946065,1.257581112832382,-0.36730444849007005,0.8629614416461627,0.676610083760474,-0.5904468781149743,1.6374116361350946,-0.8693314122274989,-0.5800193412480205,-0.5064370127628213
-5.541610482724849,2.2860757370905627,-0.4052781586198201,0.3293676461176647,1.561049969657679,0.08629802387660679,0.6123065791916651,-0.6288290292896757,-1.7954471364768063,-1.2339362373986966
-3.570022974245683,0.8047378871461686,-0.0773910262423304,-0.30476568693634826,0.9455034083350708,-0.3150771889589777,-1.4496788518562584,-0.2795779535342165,-1.13729720984343,-0.18962853335574978
-1.5342393941982608,-1.5602269005910483,-1.0428008892207028,0.9590501388501136,1.753928010610081,-0.3619614050156458,0.5123372819503683,-0.09842857002153943,-1.3767899227427942,-0.6610648677384099
-0.07807121275255673,-1.2579288382665934,2.619645547600974,-0.5840565170238925,1.37260497264019,0.4367765985514378,-1.2130967854456063,-1.6823354864137976,-0.48110776254131593,-1.4614588711448697
1.1037664271463914,-2.944107271697789,-1.2019153069459687,0.9828394679980184,0.8398339887360838,0.7530761543553222,-1.3080128536191684,-1.4965694695571956,-2.726849349841967,-0.24806944608088968
-1.752918329378459,-0.9097094027534802,0.5731446716753001,-0.42194075914527,-1.8657607275532886,4.182390145403708,-0.1559380589292798,-1.9002460633562366,0.30892179258970026,-0.9239233844753701
-3.7518104457086383,0.2396325692898407,0.10053752506054618,1.2726772848635612,5.055760464915099,-5.913145837687699,1.3022842239829298,2.4747251198264224,-0.6261875128969396,-12.126845962873753
-3.617915125241205,1.0852328779782514,0.4023573545402195,1.04334076203886,-0.6131001189546214,-0.0687503627025403,-1.2353169385392795,0.44242700318226014,0.3973909837280214,0.4859004168714524
-2.7081104931994573,0.4648483640754294,0.9737359693944169,0.3728371089548773,-0.48563252585574823,0.7138062187671548,0.8805886380691336,1.3414677191795357,-1.7528466899573418,0.02472435496224564
0.32732887202431565,-1.9632739067199763,0.5403034103675555,-1.7741914626485014,-2.6494216543183353,4.4976117385474925,0.691278564535445,2.4150482834032996,-0.7032656329786781,0.2050961580408525
-1.4049984925226282,0.9394654336552697,-0.5698499781070167,-0.04818181439539874,-1.307671325579838,1.008378953035089,0.6806235760639266,-0.23409604024478808,-0.8766463013216891,0.3965321049693318
0.6961219098704173,-2.4885459427092713,-0.5657008430563373,0.5938089537729903,-0.0074956664330298895,0.6808981534236299,-0.8433647059868397,-0.3819018520888127,-0.13812130871558123,0.8041819256591832
0.9079364235564925,0.06498237019242645,2.035686982690604,2.522526912373679,-2.266702344274209,3.9726783074712486,-2.69799495469333,-1.6819978708478285,-1.2215195508009171,-1.8167603217239352
2.1355093346356733,-0.2537115848203137,0.8740913908794155,0.18841930556221054,-0.5562480861632038,2.033254695690469,0.719244466663842,-0.034331667174687885,-0.28597140851852,0.4692301304193159
-2.2731498758703035,0.9434228833867598,-0.33438325299581356,-1.2308670797073806,0.5611602163237117,-0.3729313192887801,1.5441107744964533,0.5312026880341284,1.340466662936915,-0.7761449870422628
-0.9782050760604661,-1.321624131278251,-0.12150423626013496,-0.16818640320865647,0.15101127744716103,-0.5182289310778009,-0.6076147123465329,-0.3804308254616994,-0.8474250736992224,0.8608869334322766
-1.6611687362223937,-1.1063058905647518,-1.0718561510512141,-0.29541939221919605,1.428787978912687,-0.02769859535034345,1.375448336764601,0.03816666877998923,-0.1342866706791535,-1.3600441533521619
1.0394072109804788,-3.3888129984076327,-1.019485341424332,1.0101934575003235,-0.14885188643806324,0.6792663688630955,0.31874690585818,-1.0375413159029034,1.0991514163848397,0.6473831133585246
-2.26253809889086,1.585644433201893,1.9809095872651223,1.8467356852777694,-0.7471659573946607,-1.6331371752795227,-0.4569142615111569,-0.4717349898977599,0.49735855776274485,0.4656055500418619
0.6774869783987333,-1.201747679465231,-0.22796271761120193,-3.95272047343276,-2.352192501329205,3.579161319542562,-2.5611917283023256,2.0275621562278063,1.5252456534060383,-0.8231288355325215
0.625190637559204,0.4646926566548322,1.1756412924533812,1.3593293565913924,-0.40097409268512924,0.97877448083879,-0.8188411520124256,-0.7351529007919895,-0.2960549495642796,-1.4152825310825494
-0.8548525726701339,2.028162290728486,1.21839693070599,-0.18375478112896745,0.2873303719356628,1.814350124489985,2.8566746600153397,-2.269759663993009,2.7116216519235503,-2.4736370507426066
-2.00363336614563,-0.18546221275078578,-0.13963949721930347,-0.04564107837058811,-0.22734579717721504,-0.2431040610052576,-0.8471711753152411,-1.0407981920731266,-1.3319681804788077,0.7890356037376324
0.2540068286014159,1.1566497652616778,-0.026093672857971307,3.144729026237441,-1.1092571358674514,-0.415536400711414,0.12907304889844978,-0.5482970812351492,0.7463320270231364,0.42229683669574597
-1.5190214577157426,-0.16767259512951868,0.26106425799246225,-0.0205445277790168,-0.8073579573616955,-0.13737701038509367,-1.1476071559950356,0.1574548502382318,0.30565352782385885,0.26627717372668425
-2.626438720443954,-0.7400732128300544,-0.0907394571403755,-1.5126821660259213,1.039173507685407,2.142887129176502,0.4051429618310666,1.1219440355778085,1.9856312173967825,-0.5414153817371119
-1.889867487569128,-0.25399030016915114,-1.2157695866225022,-1.4889459088725698,-0.6798836548401415,0.3194266149584282,0.32535974231595927,0.8808950713050278,-0.3035518424396176,0.07903277347978425
7.301778944357416,0.6696474996901521,-1.4433633249251667,0.37798386465615613,0.9002917527636948,-0.4520198462254859,-0.46829383770663063,-0.5762034323849671,-1.7171391356553396,-0.474523205740242
-0.8546641105942814,0.2675926746185156,-0.8863454827756657,-0.620227079991334,-0.8725013264295505,-0.6975629114664094,0.5751447906532107,-0.7185433561248716,-0.29523125416046275,1.340553343015663
-1.1258896887822725,-0.06749818876417041,0.2269727787417899,-2.9624850278910464,-2.7558584543653635,3.102080353715916,-1.6799530971926533,-1.3289799046478765,0.644813231473477,-0.06727194779114574
-1.1169076324774214,0.15940548136455845,3.6469869810785895,-0.0754169214857613,1.0985755244689808,-0.6401632760502546,0.8397717523547942,-0.18767116771360914,0.3779292225848662,-0.646223288014924
-1.3758010004011105,-1.8550590136890621,-0.9174540633718608,1.3081233199317897,-0.28940773130158326,0.2655967609276368,-0.13763422778436163,-0.15585132847203206,-0.10958141464650337,0.8258545338337566
3.234995776515635,1.1822197685906692,-0.7811234932494046,-0.14119941922852025,-0.33102144824085694,-1.1266344384932476,-0.957781036269925,0.2141786161576147,0.16518177247586507,0.07721819373108044
-2.1715520344969215,-0.7642816679636518,-0.16775108366217842,-0.1070846177086233,-0.8282377889235776,0.6191555099600476,-0.724014893856115,-1.8886681656101416,-0.6469278344738417,1.0740269185216222
0.26224163226712405,-0.3009099729899674,-0.029751857492872874,2.298512928946634,-0.40234334387402243,0.6111748720275969,0.40028913072553396,-0.25615222469363685,-0.5809939603237478,0.3045194736094497
1.9542441796305277,-1.199999638334289,2.7479613374335927,-0.64252622778553,-0.6129458937267733,-1.6726079546383354,-2.0654267621073967,-2.201061230325475,-0.4780971144529358,1.0152530459311886
2.7282082594553057,1.3520982129425076,-0.2013328061427376,1.0148523904867695,-0.2011931373193849,-0.08397235812020265,-1.2720269865859961,-1.1696142445374595,-1.099101862768025,-0.39607402593508767
-2.3606302925816762,-0.053812263781887866,-0.06704316872159254,0.4551990408760657,-0.5467914033892095,1.5184571939777023,2.115534343636504,0.4529160564453363,-0.21414237756564103,-0.46945061449109177
0.9925639767139398,-2.0611296771530254,0.046693522701018064,-1.7103953251151784,-1.120290773411168,2.7005337404894276,-1.2421881673955755,0.6385268007828949,-0.43081720668474244,0.2043047910715283
-2.710631347974887,-0.2228548231374562,-0.8475153465392259,-0.8529160855538302,1.6455493060960475,0.36845860760151733,3.1810523599025067,-0.7132481764862505,0.7839655213446028,-1.2269387167473529
-0.08411529334698453,1.5833976435328336,0.6628838174914138,1.5365775986354773,-1.508705597309181,0.8306436533964733,-0.057689828751247736,-0.735281127672444,-0.6935345409281567,0.13440733493342288
0.2596073495445762,-0.7152151395514763,4.606837568628432,-0.1769313964177289,0.7320608994772789,-1.3280477634492331,-0.8996913622463397,-0.6637157609714194,-0.5277233916443496,0.27971508167086584
2.8846785096344343,2.085589340827132,-0.38941966759364266,0.2492041537277373,-0.7024387814990729,-0.7167355306922294,0.5343504547894045,0.23690678077982813,0.4335581160243812,0.21877569751069412
-1.702436689625954,0.581872204790186,-0.7193434815663002,-2.556140190052674,-1.034432559967332,-1.934290122090572,-2.572645735920638,-0.16431776399420314,-0.9144749388837524,2.0114622051365383
1.4931120659153676,-2.3603562235332642,-1.3552264850590572,-2.5465832708524685,-0.06605744842200718,-0.2899736691525488,-0.9800252324892081,-0.8004690554386095,-0.3431342478697447,1.01563103831656
2.9457250300468885,-1.6104890107073422,-1.104957390326473,-0.5834958273399184,-0.29028903205575857,0.05536446422747125,0.6431710337374994,0.9040134443560746,-0.8589468623540644,0.5545406652038848
-2.5777480539108697,0.2926389355913204,0.6566878015469299,-0.40754498340729395,-1.9924438926398547,1.272131695905798,-0.8996478965986436,-0.5958365986226911,-0.914295027972076,1.2909852590904343
-2.4178845369134447,0.7574247053864541,-1.03537927588522,-1.4799946541506366,-0.6915766222516585,-0.31487793132476877,0.2442276802263773,0.7911419987822844,-0.5550341627939536,0.4368599296678273
-4.522983921165625,1.903302876719027,-0.7133348078756565,-0.3768377864619575,0.33584853144992,0.33055086092466346,-0.33745970738139447,-1.0190704824408277,-1.0043994473864952,-0.6050675594904623
0.4715314033515102,2.0589597681836964,-0.8579669595528965,-5.058015645446359,1.3906514010410334,-2.075167967004926,1.525207360905045,0.35951573949364435,3.050989998875781,-1.4300669248578044
0.14658716913080289,2.332455343895148,0.4350848010949074,3.823675323115478,-1.133812626413564,-1.1632350656781425,-1.4466821235929297,0.13162264010932961,0.8177501143587136,0.30685654722685657
1.3885143630665002,-0.7488927004258933,0.31535364965048385,0.44504282526262245,0.6923835869858982,1.041546230930026,0.08302589052382435,-1.3966888122875383,0.3484395662211632,-0.4929861506092519
-2.46252486373395,1.9779356037464229,-0.5088403655133449,-0.6574537261817797,-1.6352263161071179,0.39056424641473925,-0.12942011032044684,0.4300182489195167,-0.24780193412492924,-0.011160580143908994
2.1119172131717137,-4.052627853641694,-1.8902681416248934,1.1707159182184264,2.0254176821730514,-0.33445497985274397,-0.08227040500455292,-1.1441851412058048,-2.8003873808216038,0.21133562113453344
-1.7508728091988859,-1.1259654515909103,-0.4948157261980661,1.6478407090937124,-0.5129172420057689,0.7188104228064891,0.38158299815176033,-0.11255789597755789,0.18590149347434953,0.9661601237056836
-0.19970620644358197,-0.78214565025907,-1.6773734662213609,-1.8608530294873804,0.31679102183077135,-0.8604200195778512,0.22081565045572593,1.5033036803910511,-0.6664540757078937,-0.6245801704115671
-1.9063247988842849,-0.18605957250189478,-1.1886529385156226,-2.1318031344105792,-0.09443509458727545,-2.025207728122711,-1.6165320144391193,-0.09822899692919244,-0.6751677091334518,0.6713855552758046
-0.417207412818377,-1.880629295721811,-0.07815032762565594,-0.049055556334044625,-0.4482663773251718,0.7229974565993418,-0.6831488506778965,-1.2252312113124209,-1.0907974815118993,1.0801137155039184
-1.7052534823343235,2.554394873595705,0.7140084197913313,0.9021447804591387,-0.7411948766392413,-0.0692981469986044,0.6016144450224458,0.38671613328504234,-0.9475953659179577,0.14237607495483948
-1.7274909601270572,-0.9074055182430899,-0.4753885069013452,1.7076539808461126,-0.5553276112204778,1.277886467179515,-2.22253002701204,-0.7842550361926731,-1.1350041920645935,-0.5066135870820401
-0.1723965514747755,-1.7638664532755757,-1.1308973091589463,-0.6967750626582929,1.3241352198981184,-0.37946235961314,1.3480181249698913,-0.13724500098017392,0.24581479489349026,-0.29680071447409995
-4.254986634646149,1.0452568026245934,-0.419707339377129,0.7239910571376483,0.8247244457304662,-0.1553239697510792,1.2551159636873068,-0.7827167494243654,-0.6472738699794209,-0.43244830489193975
-2.686304333426353,0.4316527628474666,0.10474530475190508,3.4215591428122676,-1.6670598855433234,-0.6245749477944383,-6.017740288299741,1.4956725977631569,3.878437548660176,-3.2158452858932907
-1.6883966863004098,-0.20668097867885718,-0.9075961776761617,1.2465302128634494,0.9548640420246667,-0.7013315399858547,0.17860660028134828,-0.2224662104270228,-1.1252142453203142,-0.3769549585733611
0.8117875988666026,0.2984660965959165,0.644199102993281,0.8407822123826898,-0.33909995498288714,0.39566671386302305,-0.7754288485210352,-0.7138246932204069,-0.7463745725974436,0.12045958962934565
-1.9840402846981997,0.026691314031747185,-1.5989475544031304,-0.33770014808672355,-0.737690942614123,-1.1920838736651391,-0.5598757099046314,-0.1022636865730565,0.9823101434585909,0.1672945852807382
-0.11202820999401594,-1.4513650147838748,0.6345123291954557,-1.6768527652791108,-2.0866597304335786,4.416744952661599,-0.5656596398070035,0.36717031452865784,-0.4792068460996755,0.315519546136117
-2.1219736995463823,0.16002358626063878,0.792466057056735,-1.1423976111099223,-1.1847958181315312,-0.4404885909300269,-2.6823895173534376,-1.0125590555916335,0.01782260382181299,1.3003475502217552
-1.0441141503989444,-0.038991235218239516,4.9150343839271935,-0.2964975419894799,0.520992932940598,-1.283640488424511,-1.2488820223382042,-1.8570863467976628,-0.9401615557018327,0.17076286077223043
-2.0234218061206817,-0.9252400848029225,-0.5861312404140067,1.5195716465180482,-0.7898942137264808,0.282968415814616,1.866774024158556,1.4072600447685915,-1.8475971658223445,0.1788880525472899
-3.7313294722672325,0.25650922784242036,0.02292362425866449,-0.34201364288295494,-0.520842177282129,0.4960089931512617,0.9655982754656209,-0.9733139903961288,0.2335640160077529,1.4759154107125634
-1.6192901620941558,-0.7272745110764001,-0.7422289622541499,-0.39870862851831235,0.7744648051987341,0.6277009849221442,0.5425836024698029,-1.2984544203454258,-0.7968261661493647,-0.20007059849720316
-2.3389949251536994,-1.075236904669987,-0.4896540491194197,1.218912598095697,0.3755709292238108,1.5429701750289435,0.05471484347173761,-1.4012450684924878,-1.471782707758608,-1.5319115841197883
-3.4954766382508025,-0.04794435045320979,-0.11123756398839377,0.4718555763333074,-0.40654013760416985,2.4650644199021734,0.3524632640471373,-2.217166971302539,-0.19057624373715723,-0.9558302560223388
-3.949893537745413,0.6431643747414953,-0.8301642019854553,0.4666108907293467,0.531277247013379,-0.34639072516050023,0.9856320385761332,-0.5519530177198361,-0.5654040900936846,-0.5577050471002019
1.0472374706482945,-0.06566886411946739,1.1583705582078123,-4.183317132623897,0.9022467788143783,-1.04999675636486,0.4337703756037919,0.10453148163662619,2.0769663050540643,-1.1601266418396592
3.8598844664719323,1.6472499655736492,-0.6184320280071667,0.2139975807762517,-0.1092674486952216,-1.4902950624943567,0.02866762380527352,0.8133500413696849,-0.058396469741394764,-0.2978762559049193
-2.910796482991734,-0.052497119035172075,-0.7881286992097698,-0.466511160070967,1.001601793178262,-0.018914995154705697,1.1864882604077427,-0.14422170006577983,0.026622793410816328,-0.6638955782747537
-3.3677876158388727,0.7249211722496073,-0.32982439610766195,0.32575566663757916,1.0457475073100921,-0.525725784002469,0.709190934094683,-0.3233867053546431,-1.2291563970417076,-0.476061555573061
0.6108536812500964,-1.8116744516599381,-0.7361895554243961,-0.17400045474336004,0.09692037631855135,0.09730554651217387,0.25185137047237877,1.010466592394348,-1.748742465049295,0.851883796224009
-2.5104133108784845,0.24706630231375473,0.09706566182899307,-0.03608291208290025,-0.3366182016172883,-0.5072410495974913,-0.43143463730651693,-0.3694382055952687,-0.6196888720139105,0.7990926565875734
-0.76682833365191,-1.0063070798939204,-0.6582514953018221,1.4655147127163723,-0.6748125156584734,0.44994976906194706,-0.22314296538987544,-0.4008591145162389,0.2674730643519389,0.06863437452772998
4.114191691593854,2.6445421256508213,-0.7076654908187331,1.1256151698864085,-0.5601163994772881,-0.5223049872672675,-0.30445854192016863,-0.7573643906899818,-0.3820316492667396,0.06372692229514619
-2.497038598109788,-0.3359023824800277,-0.5247718991786787,0.2040414454169715,0.9512745445012392,1.6710533795260833,1.2139455367758185,-2.473005782901556,-0.40719955270842967,-0.9069731556012093
7.21690084744041,0.31489007432607813,-0.9843843877684205,0.5930229568814369,0.34608096854832654,-0.8936324417005451,-0.05481597095389124,-1.206935089452799,-0.8588598214956507,-0.2674343163769089
7.429172308895464,0.15134697145196563,-1.0277404828642016,0.6183319468127118,0.4223178869500363,-0.9397741120893495,-0.13333905179197014,-1.1450557769573433,-0.9444257121614489,-0.2590732097521631
-2.675916324608653,-1.6767389637786771,-0.8759460981505534,3.2662160937362894,-0.06912809709603339,-0.7102259091197137,-0.8116643216713314,2.649668534728541,3.7864735832208845,3.9335458492359034
-2.0490177995846097,4.490097256490701,0.8665167520685784,4.422131029527546,-3.116841580839186,-0.0005298640092616202,0.6285119105408533,-2.822553341369576,2.8132108585525724,0.4918919902205149
-2.2562003383801477,0.4054677709338965,-1.836308604568061,-2.0976171805775023,0.6084296312904256,-1.5183164518360366,-0.6792358210388665,-0.022963575821897994,-0.17883866527446335,-0.6664376139102672
-3.1279248501895536,-0.37379577354090276,-0.21995643432063802,-0.5060643083367853,-0.5672209153025667,0.269758613012729,2.001672220993967,-0.601908805539429,-0.30264149944975904,1.3771203160379675
-0.4158772582712749,0.5122968369271387,-0.5516263293181021,-1.1494553210636225,0.4782548272475434,-1.50884378303633,-0.6327858467087097,0.15396385149854733,0.11282072382395494,-1.0278527081448705
-2.2523245467272806,-0.4337884336075362,-0.3046127637823041,3.4129307699229225,-2.514274849232718,-1.3927162682938667,-2.1405292808875993,1.279786532260867,6.560980111718989,-1.6222986563230817
-1.0679575986227214,-1.4744806165355495,-0.6293069917852371,-0.5278465511913324,0.3286183550799288,1.284305705661356,0.5501842114750973,-1.4776906121128253,0.3599903635987929,-0.36006130852431545
-3.257407798163885,0.3845823206575879,-1.488606344339571,-0.20112125756840493,-0.653393411027223,-1.1249520220447653,-0.561008309003207,0.5540270998613386,0.9553553012393613,0.21466381669875872
-1.8492617088202739,-0.08184046214018308,4.24460733460319,0.6760338195987545,0.40783557253652886,-0.19136179581118276,-0.14708366877714313,-0.9391559537461672,0.47897191846293147,-1.007939105389094
-1.0915162807768974,0.05116207289955528,-0.8691592852868888,-2.005535059834455,0.045888555902004476,-1.2668114371296293,-0.6702019657283819,-0.07492959656255707,-0.8616846424292878,0.9470795655297013
-2.56448819552069,0.6567633819496762,4.214177055591708,1.8175034330491011,-0.46279200922922914,-0.9748678712367411,-1.074241846811132,-0.6369693254584864,1.2799036870073819,-0.38231208401906763
1.9881188659514804,-3.379437889606363,3.4366564037647005,2.631865596879374,0.7748195922550948,-1.4802346912627726,-1.9333081686570888,0.428448718409667,2.3848189543053917,-1.7790790038304571
-1.0470435137335128,0.1271612500844525,3.640656101260348,-0.9145706099846459,1.6984036408552954,-3.9847124854885343,-0.3969200923342168,1.8369402200659382,1.7873680493323592,-4.376439820587364
-1.5794597425682368,-1.2810030301480357,-0.740158655301554,1.3188722350043824,-0.5728921729963087,0.6345258582236734,-0.4207175058806581,-0.6562575711740145,-0.042676138871414256,0.3415246251429844
-1.1795558610482832,-1.1029953833216932,-0.6452851050188597,-0.2494578239349247,-0.23598465819478678,0.8323057024939056,0.7593153539799607,-1.1693753419020394,-0.2950297457322203,0.21701500446911115
-2.388707765570061,-0.5149058405195565,-0.60416669544865,0.38882241366707493,0.33433846831616115,0.8001812441765243,0.26196271352864925,-1.3457853846905032,-0.680155420430069,-0.24951107705590864
1.3371750711370776,-1.7416509016150978,-1.3437170395066997,-1.4128783082262444,1.1327169948201075,-0.1974391209648478,-2.8344198687981597,-1.4434373588516596,-1.9382416589512572,-0.9639192198862625
-0.27997755892778464,2.473987245542811,1.3321951010956454,1.6017012151357612,-1.8577254745366703,0.31454365938840745,-0.09654688494535635,-0.7923041929028917,-0.3127404790029028,-0.43012480163562433
-3.2106811159797584,1.173677968264876,-0.3118250375026325,0.09941710275025259,-0.8600904684996703,-1.1727700336975249,-2.7034905785469365,-0.28054760731487777,2.6654395056160736,-2.062859984861962
0.9924307848895118,-0.7841417381002201,3.810670169156848,-1.7927826422698157,0.8673641025688067,-1.3702995319017248,-1.7036426494331096,-0.645215688817063,-0.03133169455478533,-0.8520560453938308
-0.220273818398821,-0.11730366450027042,2.350817975348084,0.5450925387653146,0.019601568432079105,-0.2358724694656008,-0.056208784825580276,1.914462871014496,-0.3530692531475976,-0.8631978486189397
-1.0443483698849896,0.5550116317741188,-1.7110606668849773,0.3635954268232451,-0.17013349045307077,-1.347816157104042,0.5283996876619937,0.47177891064742045,0.35384925836373216,0.37932216900194193
-0.8327364649643169,3.8337915119295762,-0.14251098121937897,-0.26837327353113577,0.18664937550374258,-0.8725283355604243,1.1254040799210394,0.3775070385683689,0.30604116252731484,-0.8744123030665181
1.9051208996502114,0.4098300631844143,-0.581920881212489,0.5538486058132619,-0.17660254250120028,-1.115301061595099,-0.7616112645417713,0.7399213548589982,0.05549107735653947,0.5243858898951242
-3.863417867426832,0.17404678640430918,-0.3955761374510845,2.5350809441120767,-0.7373804955510582,-1.0248279886259248,-0.17936401452028813,-0.3018218318300655,0.7985440114821566,0.10971758502641274
-2.5878645941596874,-0.491573870685317,0.35387732047910714,0.397594808060932,0.9549703027934242,0.525493346611625,-0.190006321005512,-1.807602888907316,-0.9511792796162931,-1.023461110640173
-2.6351946971944447,-0.35082554982375164,0.40396685225395507,-0.008029660369864765,1.1292686686030113,0.48296166128966345,-0.5367637950364499,-1.7159757440921992,-1.209015037842265,-0.8916989737310996
-4.288785340106817,0.8706418977764494,-0.08844764560555574,0.6855461840182275,0.7065151993915382,-0.1064256312989712,-0.5811520549481434,-0.18863334149763936,-1.0098809042484926,-0.6902468735318238
-3.0101464925570216,-0.4093214029040457,0.07280083343875562,1.0084046608080146,-1.2624237637728264,1.1766705241778532,-1.1024302552446568,-2.341293676062288,-1.3428090995924022,0.375668187338854
-0.06316739569762136,-2.384517470306411,-0.5247625268798252,0.1250528815482515,-0.10406825436876374,-0.1630069010877392,-0.1912194989044187,-0.18865112014354005,-1.0868719370709319,1.5728213189586238
-0.9567823015576673,-0.9967714849012455,-0.7436414296317748,1.9211121214785112,-0.10725798943988124,-0.19481251072243916,-0.16121951735565632,0.7274893668262471,-2.3106526836483625,0.2492207883453865
-0.5736080450666098,-1.0139735499198232,-1.9286289363208453,-2.1760329969592647,0.776706324405538,-1.1742465405012295,-0.6877746561846286,0.19266546438469828,-0.017677691241693824,-0.5704937137376832
1.721658110994423,2.622118091473058,-0.2488500651781916,-2.499605733195628,-1.3123080523924637,-3.5997317205186623,-2.096163800047072,-0.7415492846527126,0.4658158307080342,1.386793974273472
-0.22691399603011034,-1.6794114849901163,-0.6546244406586903,-0.4654486294513708,0.7366039926710473,0.6073240592948504,0.6905370457866934,-1.2830969609818141,-0.3045873584626267,0.1548479947239033
-1.3376532469593838,-0.22017784495396348,-0.2918561331675409,-2.3577373698054878,-0.6594763460402546,-1.3366025143338038,-3.258462354747645,-1.474310645903282,-1.3164715409889636,1.0777152637969099
-1.5589467817032687,0.022082467696779202,-0.9953192567750494,-0.8531833611927427,-0.4295915132326804,-0.6890694740443907,-1.4008507440392206,-0.12302903291674791,0.5214162924291617,0.2018179109594972
0.02491703939146154,-0.6114801394734726,-1.0610907722950984,-2.2138967532850966,-0.2992514753571086,-0.9365629382920148,-2.6022275345593715,1.3830309003463317,0.48722388649059645,1.075842949835347
1.2724170187085815,-1.9551306661559622,0.5024380265829471,-0.649882506751833,-2.020789844878781,3.7368798810598602,-0.1310090884504274,0.6187964739124714,-0.08943879337310259,-0.12628147969376757
-2.3189420381936614,0.0643069062051083,-0.6699021326346206,-0.23856041112166243,0.8091754102398802,0.3092895059027076,1.1573509979180934,0.06836231746827029,-0.23687281498860246,-0.08898963309882282
-0.6425086088676857,-0.6773582479029204,0.2756252894652204,-1.3657134612207047,-0.4479244751819126,-0.13526976056407256,-1.8651943160103983,-1.0604374719316592,-0.6020389126861654,1.220904602021202
0.48630120371527014,-2.7303189528769916,0.34039957908023016,2.709269573399712,-0.350837371978587,1.7342788394219426,-3.395355502306392,-0.9201084836561355,-1.6088744083278743,-1.1502790983050815
-3.7564491465186562,0.8609446384507563,-1.128800072241545,0.3235072064096076,-0.4213646036801325,-1.2853507275178535,-0.6765122314373027,0.34707354616305686,0.06910502187205186,0.16912147558925036
-3.422943218316631,0.700503675091007,-1.635618353213221,-0.9933154597904441,0.5552905681269205,-1.7284027277806828,0.2158493432659179,0.27101624114141243,0.08895909483695871,-0.9031763597890646
-2.9856931189255365,-0.24353020742135192,-0.7362565426102993,1.5935035165899245,-0.6691182274041935,-0.0017584355425335932,-0.2213927522258808,-1.004637735829902,-0.4335847132830409,0.5776672863743582
0.08381287639614274,-1.3979663455635989,-0.5060198366589542,-0.38467684353965,-0.11865596723303867,1.4250917371985992,1.3121408317293692,0.9370946851553625,-0.6633535667506534,1.0009267233459416
0.244100216398231,-3.11968550501728,-1.1689344362671454,0.9824644757643957,-1.004169263296019,0.4862862351106667,-0.1869259621564031,1.3007997747296074,0.5750957997699911,0.6339946133343123
-0.9384598320125764,-1.8391316988715716,-0.3661323888871779,-0.431123746815256,-0.5728866813092459,0.9629804932575079,-0.33499675141107577,-1.148987450172132,-0.2730143200129205,1.2401470113331807
1.3244397418070943,-0.08496864861196166,0.1101885207247263,2.4129817269018776,-1.0389312466627671,-0.28001796323288547,0.5417705873752711,-0.338936123795121,1.6712652200531228,0.5918646723486425
4.865652066725426,-0.8637456645312002,-0.14261494091990706,0.571094324635873,0.4327971202156954,0.48989035582065965,-0.5732129457486312,0.6324587912522026,-1.5113132407875707,0.06382747828341036
3.628798167354905,2.842732877834229,0.8545375965326906,0.4319694123102382,0.33509208160185894,-0.09976482754516144,0.09057676676399692,-1.3098124757660465,-1.3257337831556135,-0.5989647678362447
6.1370203369813,0.3982206154630764,-1.2322515072378246,0.4848893165403532,0.44782964483956356,-1.2754197502677562,-0.5281333998192551,-0.5206332414040254,-0.7944166033204462,0.08545298412560388
7.472053752838304,-0.20554467976676644,-0.8651957585707074,0.2227348347336058,-0.590131787263243,1.1771984331178453,0.6371318834911135,0.9407761755467228,-1.187106890822454,0.2070811374926862
3.463554028425184,3.4668195147280545,-0.5372861449614394,0.8335799787540734,-0.9580854566812584,0.014841115993587724,-0.4407081329689573,-0.891701534433397,-0.27025989835290254,0.012295757117620543
0.6229439259883905,-0.9543606777643423,1.8545797556319008,-0.15942696491867125,0.7832764655854929,-0.42679737991992506,0.5933272042194907,1.0468285712201295,-1.4237995184960663,-0.2880877467139673
-0.2636116848352314,-2.263003428696342,-0.4613243596012752,-1.1665323445915825,-0.2477582567378706,0.9300907905549906,-0.25802658927033184,-0.5645717105464658,-0.7425702493724564,1.5007154017752622
5.760880166136781,-1.0440743020481167,-1.7869386743589186,1.1580820170009827,-0.3213165431609195,-0.37126764869855877,-0.06320929871545047,-0.6144890057734398,-0.3004692349744249,0.26906126250933093
-0.7320773872529194,-2.0785190798801314,-1.0924263987875222,2.0922130784239052,-0.05539373470184282,0.12130678814659335,0.023781473576726296,1.2259938442064642,0.3139339597785071,0.30126858280444274
0.7277120178220846,3.427145877000297,0.008138096526826752,0.6379573869925662,-1.5163465589811675,-0.3241480249695077,1.2273060645356726,0.9355590942102457,0.22320084055238415,-0.3586391102556561
1.3082416875063536,-2.46081793780855,6.5169040330513965,-1.790189380416005,0.46347642497004277,-0.6938275260801419,-0.9304712341790067,-2.0648554056207495,0.2050660878659568,1.7017218440989519
1.6185967271532242,-2.234106125999816,6.342644895980296,-1.108509349759868,0.2280087287626842,0.7600268444122316,0.8820812088228273,0.8838265859480562,0.24175222583558814,-0.9088165746716111
0.06029248193315274,-1.1332418872776153,5.960559022857112,-1.3916599660961935,2.1616652484966283,-0.5770039972210744,1.1122935946692634,-1.650544155999284,1.283513208463724,-1.9012697295739969
0.5078022945302348,-0.652140261130897,2.122682204681014,-2.4716337707582725,-0.8580642669655798,-0.7377802110925706,-3.0712929943574085,-0.6832476132784692,0.5893561911338813,0.5777015588557355
1.7453888195184721,-3.2277354417702684,-0.689053380159327,-0.021494318653736938,0.017444543527518317,1.3299962454507461,0.6947751481202309,-0.9241517498635055,-0.17520125442320827,0.6892233894975237
-0.006812010861924987,-2.5407611547775204,4.312536066520911,4.05074611232826,1.5118852733782278,-1.8282474498803496,-1.8141775954788815,-1.0473899967411269,2.6728559309403788,-4.353887184030395
2.2943703155185537,-2.1879318511586137,5.919664232997612,-0.8839989789020272,0.09254065543470544,-0.41145709923528884,-2.3067221587115325,-0.3833092025608865,-1.2246798997925792,-0.003486112633348533
-1.102123837900649,-1.51615359522313,-0.1709844691221108,2.9852310762877488,-0.3727924134169406,-0.7338511386642793,-1.0662676032557796,0.3156905537932421,-1.4066561175182057,0.20901763786686495
-1.8825535152544877,-0.8886669470476036,-0.6424449202915764,-0.11057218025884474,0.702330079028227,0.14293555101368546,0.965094113208965,-0.5334540550509331,-0.22466202941450436,-0.16341247894870317
2.7854604134437664,1.2092898649027126,-0.5233327382394269,0.09171045329639728,-0.1169466060463588,-0.7438640700376259,0.4125262632024067,-0.03812133794112728,-0.15258450609979576,0.38195197581304263
-0.1425788904226121,2.2721452992444706,-0.570154138413632,-0.08048932407730791,-0.48331042270425195,0.46197319931108394,-0.47525405419856254,1.1620448430003807,-1.9501948571859358,-0.455562425902786
0.7717679069652567,1.7242320217595213,-0.6299913129054646,-0.13286388810420086,-0.5156603516550783,-1.3617056811404762,0.25356062568936605,-0.5480337086708781,-0.688177620620001,0.8546297274301553
-0.9186604998704687,4.208983629700349,-0.5653023827294851,2.883494166488778,-1.6102941250419858,-1.5443070727368797,0.06640387067932055,-0.558207775505895,0.3843476789193461,0.27369151625413
-0.19881506025310886,1.3072027143924385,0.7413290686551957,-0.032076967011364074,-1.0018200996442157,0.17442141515087858,-0.9792633332246712,-0.35954929471613445,-1.070069160378274,0.47679117306745006
1.683177144856012,1.444349425274562,-1.0176807401223844,1.1820352225759803,0.12841078326542102,-1.5172706916272132,-0.19607377092396613,0.38288980685943247,-1.1600880623825993,-0.4404230168893412
2.3336111810577647,1.649592580787197,-0.7650969919119904,-0.14255787969042386,-0.0007036331598644204,-0.5730074695139482,0.5841993957518103,0.9062940686669166,-1.4536827882345795,0.043921581984337286
-0.9003273088771051,-1.8748885543748492,-0.32395348610559505,1.1082212829749796,-0.1598196816195204,1.6065629057258328,-1.1726461026008217,-0.6239149086073208,-3.474747140258157,-1.0777850565040878
5.392511898161574,1.5108614481419704,-1.0445775923570806,1.4576439871525724,-0.33351178034814444,-0.7178405975528293,-2.9128720465863966,-2.6726682229916987,-2.763869046495082,-0.7825635677593833
