RP_1,RP_2,RP_3,RP_4,RP_5,RP_6,RP_7,RP_8,RP_9,RP_10
-3.4039422466981337,-0.8439726329402915,0.04089565982144088,3.6826629718788633,-2.934550207578531,1.5722272229814893,-2.160876022105888,-1.7123443874531061,3.291263426338137,3.4879259986243856
-1.4750847148719637,-1.7704669912733064,1.18995190476535,2.093167890775767,-5.379244946049307,-0.6416601985825792,-0.42975781182881334,-2.7449844572249,1.107728567568588,2.143715825249606
1.3614906373098299,-4.444240267242124,0.5593059224894559,1.305213790249007,0.06732323603769964,-4.998812868199402,0.09848261402902078,-2.741425218224494,-0.572204139419385,-0.39351423524024826
1.1398172763746302,2.2723032153459526,-2.1241142191348947,-4.810799544485728,-2.872665005446173,-4.70375981553514,3.050026678102807,-1.14285179953498,-0.7404544141423604,2.937538138374852
1.8464580353309887,0.5101002316626737,-0.5813106645018417,2.231200165544909,-1.1934781749439833,-2.877733908482585,-0.31273009232444027,1.0582087785642977,1.8207848034864176,-0.16246178573149925
-5.376312439666331,-9.552192581908573,-14.55763981906758,5.717314488044381,2.612083945961483,12.299535095040905,-1.5999836218048733,-2.496821681369601,-3.2361818672657976,-4.1658211349902645
-3.6109805881714077,2.207877289247099,5.051366271362696,-6.4580319895176395,1.8156509565087602,3.1047426367601005,1.2029125419129683,5.367800797520773,-2.0255773954416925,-3.403060699420436
1.4487592462294019,2.1546135478163966,1.0501840769852908,3.553266100592904,-1.8132781386644443,-3.370941729218724,-1.8107571065972456,-1.3479114098678504,1.0567253895874196,3.850592840309563
0.6697155863646864,2.577513046232465,1.0593323881338765,4.372849825685158,-1.1816336609840947,-3.1089616914805003,-1.7981813498707784,-0.6721572075828327,1.758091296208579,3.283937446814908
-8.280494274733872,-17.734643199027058,2.0599683944227998,1.4956514632690434,21.335074321601166,-6.858393914130623,5.921121352951472,-14.565019489061795,-0.400645645915719,3.225927431587476
-0.36883244399632725,3.359769705952971,2.2625207665267544,1.1362516097757787,1.449672183392633,1.6650771731878011,2.0570500563550147,0.8216072234191528,3.9101691227581257,-2.348935661846109
-0.8912496482098854,6.197153783104672,3.137660563308269,4.986890905292189,-0.053751025827126694,-4.191019294594587,-0.522379566684651,-3.333723557374861,0.23414298490944324,0.06691045041079657
3.9137202118867016,0.5308770573782547,1.1190763447047074,6.392442079475793,-0.08828543985605677,0.44894028074881925,-2.7836602413879343,1.6982794543139592,-0.024578603300489603,-0.8735507511876399
0.1275868859654981,-2.2887861690826066,2.339365880034703,6.951980146674656,-2.492791810093295,7.3189665877790535,17.55906123756532,-7.450430392722337,-1.841203881820381,-3.320275299019357
1.4866651390630463,3.4642914774897715,6.443582676614938,0.9491290811930476,-1.678222246786788,6.095354016462449,-2.8622888553114327,2.1925957170409114,1.659683443294386,0.09391196286914803
5.0271012112273095,0.12397910634235211,-0.398203313485436,1.6914813703886604,5.905499178136491,1.2170061415002074,0.22001165190828528,-1.651301353656525,0.09590927357770503,-1.3306964405159794
1.2406543981700793,-5.249386737602421,1.405342589351325,1.5445392761734067,0.14161877756995556,-1.8732375009560227,1.180501135434872,-4.905319770621174,-0.8162272106502921,4.87704317166172
4.184448719955854,1.1103229366462781,0.18102055736820852,0.48416515645338276,6.323128001710811,0.2539609216078189,-0.35250513098440495,0.11191294100828632,3.3769521745624647,0.11089699004972578
5.5246951492273055,-0.7539823171619062,-4.016530962010145,-0.2487128980340825,9.007952459131824,-0.11342596469393049,1.6492555210596722,0.6907599639567295,-2.886469995735269,-3.753113691036695
1.4780250366134293,-2.2420898705783885,-3.4191937260886758,3.444625211916195,-1.8293344867817074,-0.3904333610714822,0.3919957341895622,-0.3678461084441995,-0.5638098634758901,0.3192920740593765
-6.830419313175644,2.0298824008252083,-6.475836227062664,-1.4146039103093924,8.986280222819833,0.6921643977311589,3.436531368529148,1.361155736943673,-2.121267689738456,1.6730405437699427
0.7052277278000807,-6.410097718124003,2.9897386674951667,1.2719855279988197,-1.819021095585812,-4.133825585007867,-4.645717608280893,3.2233471397719096,7.925814416657941,-2.26488634445128
1.6909950571026506,-2.200096551298533,0.638205645859689,0.6338105404949278,-1.4641505050344612,-2.8146497688380783,1.302924486751018,0.03562308722571374,0.8658719950356214,-1.2790662726707456
-1.0574769590723,0.3091393254880025,-2.3918440598584763,5.825087092514256,1.735807538526739,2.8767732125214103,0.20770438853862058,-2.468367464241634,0.17881430027964146,-0.9514290253369971
0.942903719923958,-2.692355654232832,-0.8620797941366489,-2.466079467094099,-12.353380048783224,2.6936915219376285,17.56742879508759,1.4436103475818536,-1.9706792946794902,1.7509168082172186
-1.9182616823334584,2.130584821332734,-0.42525996801683624,-0.1602761686681207,2.427204701988551,-0.2775794256616597,1.1645052967444363,4.798794503312926,0.825746448868108,-0.9474418104133713
-0.20027451194932522,2.2343409794896933,3.1069429485134874,1.8198388045972014,1.9036996381752689,0.7985363753304575,3.1567179967013024,-1.6551055957190022,1.159975073457578,-1.3975677749066309
-1.2708830999388054,-0.8052328322821378,-2.055409097008071,3.1676288225093847,-2.456404080596782,3.259323867509777,-1.924290698561852,4.756973088989661,2.328489973269455,-0.033438635672302715
-6.1753190377884435,1.5201086172119795,1.8755676192070168,-0.1932744325565602,-0.7181361052687267,-1.3509422419568224,6.201343834079934,-0.36287864437201545,-3.3397160774519965,9.48573368213183
0.8893008878934122,0.6474413041302388,0.8726874754623554,-2.3859638360125244,-0.11615815635653923,0.2571780916969835,1.4630478248303658,-0.9011564419760708,-1.7374821723681209,1.564690285652829
1.9586513755507209,4.310688675551488,3.2741392785545425,0.34236068929059055,-2.009488812737955,0.8654912207343268,3.279071434267544,-0.8714877776302268,0.9141812967340218,1.2048654772108853
0.05290700244820647,1.007276021921102,2.4934482169721925,1.3183676147590841,-1.44047401154672,2.3641427038116527,-4.60740851032358,0.5250425552933731,-2.8919076871506473,-2.2865220951254277
-4.108145945910275,0.35112795115458895,2.2502282295964324,4.497923356449189,3.031621844802989,1.3816208095516145,-1.014227209421752,1.4426244719145551,-0.1423375381352688,1.078112170142594
3.8847894555487645,29.38289529266368,-3.789955101726148,-3.0002485942256643,4.528321331751515,12.751807501100226,1.1753505357677,-2.205990290682714,0.7492689825327455,-1.8338672087084578
2.3527169689070013,4.322039408528661,2.281774068712599,1.0396890698785437,0.4104011984592884,0.8654546568427111,2.4148394938834388,-2.957079252503537,1.3868637614421044,-1.6133969594048116
-4.062353486648734,-12.277317926826367,1.9094046618312193,10.930076262217424,0.5282561563224804,13.24650363851426,-4.620493214904481,-14.098105927850293,8.044060090586278,4.815545788280447
-0.9953753530948265,3.6498562290170717,-1.1644912483367036,-4.5378777909091585,-3.219038188171433,-2.064465968368804,4.24426675422313,1.9949016691606043,-0.2620566214507683,2.477770847089986
-1.3429295211681382,-3.1497130376451943,0.961967141925404,-0.9267836176412473,1.516355171849188,0.5574717279130813,1.5052465971632714,4.718566775171896,-2.185864752247245,-1.6632997467910016
-0.9573457587520621,-0.6977116946060947,-1.9683061493893172,6.518341343317902,0.2648947582008303,3.1707107461171056,1.3232250747119656,-3.2933716922315397,2.472614456104469,-2.145955953129094
0.3191877512503448,-3.098050876589506,-1.591982998431015,0.30761174835768607,3.312373317360282,0.4716738812967078,2.19283946931101,-8.539654523338774,3.8468818399729656,2.8269253896333053
0.4216974429550239,-1.0634735025644642,3.659962674416742,1.8880335920865878,0.8367552408322921,-6.175221995883784,2.6196276274908423,-0.40733227633844876,-3.0741690536727924,-1.951694592565665
2.343823631797137,-1.683316359882584,3.5612867243739017,0.9388962455589192,-0.1674701414430482,-3.1638154028093197,1.8758724208712303,-0.5880347113073358,-2.67094231417107,-0.8502356330333514
-2.468250063704575,-0.7151307059844129,-2.672862924861107,1.086311363241658,8.328714412299972,-3.4645431488122957,2.631321385908978,-1.9332695203089783,-0.6640693360181864,0.13960739743637648
-3.185877833566808,0.6760773571803109,-2.289418555330257,2.9849108552656087,-0.28237371787678517,1.3504619511140201,-0.059274525195508285,0.5928420473873575,3.227648128213925,-0.6979304997945192
0.4126829008788283,-8.797631071850745,3.2483271473597344,-3.9921245825185445,-0.7864520430549061,1.8619944030897762,0.5895794471794262,-3.680671713488874,-1.995474621176673,4.698812887688714
1.9514217456609027,1.766020047313082,0.30997010720768503,3.3993884515986723,-3.2305366988519486,-1.2050224982719218,-1.424262038239909,0.9426001112518696,1.795799257018889,3.3285256925240394
-1.3931787714262667,-4.63871181621104,-1.3217250973197294,-0.6302244746846581,0.41680291411304066,-0.829621931674388,4.96738546932117,5.190595692916918,0.0910052136993031,-2.558622780412059
9.847680312382552,2.486418295035977,11.100968903438806,-2.625960630289593,2.5309320371176467,-7.818337641751127,-8.316251613099219,-2.23751753151399,10.765002377574508,4.108239743961674
5.347841271890824,0.37688813408212757,1.721187321453124,-2.342038319284882,10.976535837608704,-6.66893538476256,-2.4874765372027725,13.401033152288269,-20.068625807810555,-11.788359131299975
3.4746781363639325,-1.1962106437337723,-2.1591771999884837,0.27421401990864763,0.41026810659293006,-5.519820193743234,2.454453107008998,0.10018890354587451,-2.0671953408254113,-0.7406745801215917
-0.51022337226373,3.415491796429155,-0.8891414556014592,2.029650177708488,-0.4930074056828125,-2.2728524151908296,5.10976057781221,-3.0647631013257524,1.6460374941644247,-2.5270123826660704
0.8120870074532388,-3.19915747738709,-0.8334648505634634,3.008935152935568,3.05374235549587,0.2447323565709015,-4.440556387347568,1.3833147012888471,-12.389551794106907,6.44549402366073
1.3619508520866812,-0.29001884178697857,4.542164256562331,0.8159102234309349,-1.101552126178629,4.543245510940152,-3.1522827349088733,2.0169755222181665,0.6584735296309091,0.08861547761236263
-3.299224636184842,-9.772172887197685,-8.343057215376886,6.29253199884086,4.02167063032996,-5.63044632669712,-0.14082795872712628,0.452788585359498,-6.283084034087996,-8.90853502501665
4.278796908565257,-13.353706403976856,3.5482230595272957,-0.4243892743496156,1.916331283816639,-0.9122063159894365,5.412530658184886,-4.608167381734675,-2.0026628796027084,0.310110370978458
-0.1838914372865526,4.5311654991577415,-3.6482687932435507,-0.0024814224641961204,10.790633589746767,8.248548823521507,-10.670632831291671,0.4930154493671159,-3.869755037283112,-0.4983433870945858
0.1601550589637587,-4.991268223267949,3.9668097087476193,4.139854174082191,-2.6724790041818762,-2.615681241900815,-4.320307755324658,-3.809968733149044,-0.25671958077006446,1.2662607290723105
-1.1224017133578963,1.1076832350152743,1.0275179985013305,-0.5571292806568243,-2.389408940734298,-5.111269803975072,-3.763471893986218,-1.0145517484538553,3.165536106212736,-0.8209676757535966
0.14452274359743567,5.066734485710031,-2.5927491385821275,0.6693780636430537,-0.061427428766309716,-0.34590223699577827,2.86782925205969,0.772235066905941,3.084970698557708,-2.1561704481341604
0.5038193910525022,2.477786577388392,0.5807357379058042,5.2571227345415075,-1.2178378308034474,5.0231076743572425,-12.123039729309399,-13.03718568764915,-2.282079019821422,-2.7197291289631553
0.4187412600450022,-4.472875192503523,2.469268088394287,1.6254310757407726,2.8887573126804456,5.443118845827906,-1.6538891096202875,-6.945477365724249,-1.323364547637,-1.077228943289079
6.090879593453798,0.586505404091876,-2.8324386771330965,-3.625164533391018,2.473655149175094,4.3589382867689395,0.6028775696545766,8.926444610278745,1.8228800177623792,-0.6110893881614234
2.4910098396292395,-0.9484597144133579,-0.9863226270645948,1.8241399085585763,-0.047491814180283684,-2.012512828446263,-1.5011281916172874,-1.7488872501434414,1.8042006921485574,-0.754457812826575
-6.281389776769667,-1.045281761816375,-3.3539725949905614,-6.355958308363158,4.581321591166934,-3.690656823886593,-2.71256899739106,5.857665571712674,-5.281999870759511,-3.0559190585434415
-1.1344588972544067,-10.045561270177013,-10.590179470057553,8.98430319702713,3.778245962652095,-5.990512560156755,1.147898998405987,-2.5401388726469407,-3.276688937431651,-8.672919075217827
-2.0059442079474796,-1.7212199536651467,4.22210800362511,-0.2564315392256364,-0.9619776185865204,5.0895550947111285,2.5793674610006727,3.4487048931225153,2.1597396307401566,1.4529280836347884
4.796160184075941,-2.945393928289252,2.317102045836863,-10.814024705699273,3.39951885730548,13.706007524199409,0.3532111407497471,3.5519538614954764,17.65081175805011,2.454369095691176
3.6813592673812545,3.156676290981646,-4.013145053218262,7.557192577569466,6.888367475247316,-0.1623025867783811,4.265921676817315,4.695641214015795,2.7734497495652657,11.237149882788307
-3.4598397727673396,0.8528925953138967,-3.3244116352579205,-8.939690572315678,0.14868416221717307,-4.987304937460407,-2.4800176033507713,8.453960442839993,-1.8154471278154376,0.4501087957566213
-7.41709217098349,-4.238176143490079,7.630340108337544,5.4214912226219765,12.890109251795014,-1.649249397518971,15.384246881864483,-2.9726546970605456,-4.611607316296973,-7.4840358038678385
-5.77242547893707,-3.896870528690716,-4.64922039068284,0.45586876805873,-0.17774355203920636,-3.318435725951348,-4.4564630865536685,-0.017639070277300713,-5.736882472255487,-6.954035576100426
-5.1868272830866395,6.238341859131353,-3.534224009311496,-3.5443433489838783,-3.4003224032678876,16.138446127771637,-4.312094286270402,4.437765542559871,3.131677215233161,-10.579074435280097
-6.980436054075339,-4.523351935967624,0.8053740393510019,2.645896135801125,-6.915142365370767,2.2665415437514906,-11.66061051676775,-0.25034955103781886,14.543989995327195,-0.585340936295848
3.214272202567623,-5.71922824702741,0.3586172805968335,-0.14935474658629652,-7.594356165936804,-9.131355130908885,-6.066142145772978,9.100236931164716,-7.745275211291922,-7.470867561824057
5.408856264361145,-0.869291265101509,-4.422619366994155,-2.0505089708720385,5.435513145357976,-0.6108395175319576,1.6060549871314969,3.678636110960253,1.4649704373831052,-3.662683810818742
-6.043893798310402,-1.6559740775667273,-3.4009930278220817,-4.63768303931299,1.3705167415380188,-2.7411104938089808,0.07780274701368817,6.310633355074206,-8.832818382764046,-2.8841048633692377
9.485332331226173,-2.8140816210606268,-0.3879163191106683,9.42199797968667,7.235392725206284,8.217963214415988,-2.6521839213933127,-4.313237731081237,5.983456252224355,0.9218394413746848
-0.3010745158383597,7.402862303292447,-1.741704281878327,-3.240299512384742,-5.306952352362872,-0.45756876234150456,0.2371884149249425,0.002116642372386417,3.014190029983286,-4.155972863787421
10.70163015010385,-7.553318799335444,-9.614500324562666,1.8668755885070103,1.7358535055101123,6.662894775145826,3.260434405793374,-14.102265228499316,5.493147912448792,-4.989097244014682
2.633913714386256,-1.3032913276808067,-2.0525219776467307,-0.741437284410591,5.672836296350333,1.5614514541890006,-0.6857797151783741,4.429848713661944,-1.3607816764237182,-4.664693857726342
-5.03866551607334,-0.7891291579902451,-4.707059589184897,4.466306426427766,-4.192214150453677,-1.1199394966634588,-1.644059035505219,4.536516528098476,2.5534943711645615,-4.026479971273786
0.09533936534303748,1.5201868153114602,-3.4712146336672323,-1.5134027747286178,-1.2090041421832833,1.7492505471974829,2.8708793951900433,0.8183160901351554,-0.5703094687242941,0.20422326355953915
-6.806319182752905,-1.4748691790475672,0.9167414334090412,7.7975709915357285,-4.753280200123012,-1.5477895442577632,-2.1157973876043226,-5.751126333688756,8.624033580170147,0.3152778666783427
5.966151101024739,1.6376682077945828,-5.660846331768831,-1.8544648579578829,-9.437582993604037,-1.1088474266944692,0.11966867895353622,-3.0550957519078734,4.946073843540832,9.063361071374436
1.444331851972825,0.11808352881766356,-3.5022682662691658,3.7242741434667526,-2.308033907574034,-4.116480373898118,5.926500386099718,5.697588160580746,6.797519634975962,-2.6917726587375714
5.219957938924908,-2.187448637876679,-8.19401802376189,0.006467419896226597,7.4000352362806705,8.438263481382956,-7.12289750748999,5.09754922286424,5.376172501731206,-7.458616801849758
0.4486396357616416,2.0788450359052173,-0.6429560893963165,3.1685493004510406,2.0437073431794186,-2.128615774073653,1.3762833193783406,0.19546097989555572,3.7343137775826576,-0.5684039135227675
-2.8318862150435353,2.0748680391569154,-6.572371443723506,-6.058251924707139,4.424906987411516,-2.1597964263158316,0.5613007105840236,4.753177737354095,-6.30351130968415,-2.739285386890119
-0.7831948049132483,1.2439741115299958,0.13730884532703996,1.6404200983679038,3.5010312024382713,-1.236598208096178,1.5514478813899981,2.107351550115567,4.310710256757447,-0.469207439545902
-0.24014783617458402,1.4673484912012864,-2.862695248246004,4.83048039048497,-1.8259770665728061,4.924185841156158,-0.49420519497717413,-0.2807100432690636,4.514590669074907,-0.08037848724105796
1.770831655906959,-0.9949468300834068,1.9865044933395903,0.4602640573265716,-0.8427336246733527,-1.7034929800796588,0.18181283252666433,1.0397125709093062,-0.4351712373070598,0.3004227148163944
2.4329348004338978,0.5407985468208997,0.4171445006913857,-0.17260895484600094,1.2943242612837436,-1.6879941190840595,2.369652536176174,-1.2834489367863058,1.618603237159539,-1.0877968349704592
0.5751883690108486,1.3481669439404265,3.20767523246093,-2.7304256218640854,-0.012833741914915164,-2.139396348018678,-6.615187276911019,-5.999364986032936,-2.7615866397365822,3.9920270047107747
1.5562083433877703,-6.329920018409811,-1.56635195285045,0.9566942038244126,-11.864612684803514,-3.4486862042202113,-1.1733868600256436,13.608385922248734,8.045159372198212,3.8295686219757012
-4.41009780677815,-0.9187893966597269,0.45569942255698537,-1.4602589957487955,-5.4985047063909676,-1.9479738802096842,1.7844837682593657,-7.250060860403291,1.7061704115495766,-2.2219316937828055
-1.0837912394677445,-2.9281260084569456,1.1048168358455033,1.3142605141802566,2.672306013558522,-2.269597320377604,0.9623907131532358,-1.1838562645241868,1.4878883835530758,0.017810699029204048
8.472016349642246,-3.3699284945548817,-8.449447606400968,-2.43735813512694,-0.405061499048826,1.846529306918524,4.014800994086905,0.7536219707575069,-4.380507870445061,5.720269073759858
5.487752388165986,-0.22064188097276752,-2.6858109657887557,-3.9599387388923892,1.7580968423835204,2.274952996907612,-0.815023868219146,8.632289964051228,2.756798981588678,1.429259422629972
1.5129848592661794,0.2884263508309052,0.6131928462503841,-1.3435303193726276,-1.878880255222263,-1.0971478183314276,-0.09649395401733642,4.264435344729901,5.7805464886348075,1.0079779961439483
-4.376304504777971,-5.61318718652672,-5.3133326833572765,0.5334065299123002,-1.1013937000508036,-2.973807178824075,0.7722284052727154,5.108173608814808,1.77330047097407,1.7169133893484205
-0.04733425200460444,1.7666966594840838,-0.4040492433781782,5.0356402037818775,-1.7302434305278656,2.6190072455332487,-0.5084734740895159,-2.1773438629680877,2.722295353462701,2.652460629378411
4.250129129973734,3.0608956999927526,2.136365325211456,6.152569556208966,-0.9203795821068,0.9364328455333533,-4.757667633841365,3.6860102045694147,2.6481874577597844,0.7497770863385709
-6.2226221792471055,-1.1504539621704006,1.6801157772389579,0.9346896035555902,-4.009849235561569,1.0872004015282994,0.4933115036690539,-8.821784068654283,-1.0241931885808646,-1.3308851791829996
-6.504023137571512,-5.693495776909649,7.336515818530601,-4.753465620243806,0.045032360291672666,-3.31817159356876,-6.120224433783023,-0.1609143324999683,-1.637505626244473,1.7414449273303774
-0.9667506419111226,-1.454250773675508,-3.7358738158790117,4.679399024014049,0.6178786363406745,0.8260830399817685,3.2061862973137827,-3.5637957468917727,1.862792844747558,-2.093691323017464
-0.21162816554392727,-0.24138223478492776,-1.0844339454964407,-0.2670906968286752,1.597512402480187,-3.4418372218390156,2.2060804554324562,-0.0020381558447209857,3.3851057392148594,-1.8853655270835539
-4.08917013110264,0.6900892959425873,-1.1519528771862213,5.602680325275455,3.6222680022695894,-7.2581461132221055,-6.500488441442397,1.5749838838361108,2.9996602398444705,-4.670623559442413
3.0621030933826403,-0.7410201141049484,-2.6627296739664286,-0.9568261873483098,3.886996624000046,-6.0825027208212585,0.9302575341264837,1.5421721957120085,-1.0890107784786092,-1.9064743102936101
1.0609152865847928,-2.197964510065669,2.6305672156609368,2.9651749228048145,-0.9945188452436241,-3.073367258820293,1.7422945412933961,-1.3488641417998573,-1.9753496755825681,0.3415775901622111
0.42035513271260894,-3.750113245682379,-5.034033466561653,0.8296949690652486,-2.0477587114024565,-0.9553896520489349,1.0179917149679694,6.046371063430877,-0.04498600242399443,-3.495589369273401
-1.6845029044471962,-1.4725142123706507,-2.4729877657763346,0.43456750887518864,-0.18361392498851897,-0.4324838708160734,-2.351806122832132,3.3968034359074673,0.6067811492312291,-2.2299175443772103
4.044975670736368,-1.6173760786770845,-3.216706734426631,-2.3084588546420974,-2.9178863737290475,-0.6325070113354445,-0.2401950887773902,1.4245362200567173,-0.1979170754969007,-1.4632459930467947
-0.9360517684258994,0.8233920093461587,-2.590008933783843,-0.9308276803403291,2.7866223001080956,0.029507674221083885,-1.5843490522137473,3.2170687960461777,1.3150784839951886,-2.5291405812395507
0.2540782693009289,1.565835500161992,-0.35053011172267334,3.3377890761215325,-1.621906871114308,0.23136586283473456,4.668573796306318,3.5346633730638795,1.068966300564655,1.970635669307648
5.345852924011815,1.1490229271322714,0.8954571286088845,-2.216405896446704,-4.957551916983346,-2.3209895230487048,1.9954353092014787,6.368629775443717,-1.9236664586271495,-1.799984948829655
4.257171102545734,4.068169969311785,-0.26789403618200425,0.3486470264167756,-3.546252958211099,1.779508540637187,-4.644285230210365,1.6069847229075882,1.3991931370916302,0.7478752390541513
0.7329693415900458,4.370373323379137,-3.842957871204908,-3.9081092539128046,-3.4929280716868467,-3.294811355851995,1.318392720366689,0.40269663105709597,2.7290171148291384,0.2750401175859859
2.5689047419988724,3.5024252149013173,2.961225280917983,0.7459930103052499,-1.674537789972914,1.728522072192173,-2.8273455624930506,-1.7737148140855363,2.8551603020583274,1.1881973668473162
-4.203691990675249,-0.5764192430319419,-3.950449243925483,0.46842914627904386,-0.1457723289577648,3.7930785070022908,-0.752871216703773,3.3867680982081856,1.6380825100110465,2.627242262923684
-0.7018592798897944,-2.5869289164509843,1.0464758288689908,3.1774672474860255,-0.7509998886789299,-3.9354023839717276,-0.40524547211978634,1.050340886067394,3.762227886229324,-0.5413606147450835
1.1908650369732061,-0.11208494446174247,-5.219641694744039,-3.288008699798589,-0.17477690568510584,-3.1293845246716674,2.283692956704933,-0.1916701635916214,-4.65758780558212,-0.6165858751498852
-3.296024387154519,1.1504660741825872,7.17003154427413,6.513523069243479,0.8999123687452979,-1.1593909134070977,0.2006201050771587,-1.180886429861791,-1.6644602624576015,4.0480186077471085
1.0670622030632508,5.277858493882963,21.49281290157039,-7.4426573465251495,-3.207510814970372,-6.098552670803777,-7.054806091074428,4.745820509717961,-1.620887851644067,5.2660098226362155
3.920193541179589,0.556414231246994,2.7807881976610087,0.07684374020178344,-1.5766193525422507,-2.1942302381407894,1.670051459623827,0.3637001999079819,-0.9974612661319535,-1.379248080025447
-3.053792690310615,-0.26528334484307675,5.348859095421455,-7.088311481111017,-4.10584217168307,-0.10407247560356717,4.07716697247998,-12.24616490303516,-5.118546440303331,-3.167958752121498
3.202222827953711,-4.112826138090849,-0.8037019842134229,1.2144524129917462,-3.559318218841945,-1.4140331220302942,3.9015311542476088,2.4108439694691612,-2.4665011638822922,-2.8030160490494493
-4.250735473217878,-3.4405533565451285,-3.4383898876805143,-0.6889086339406046,2.3382840115656585,-8.87497758404317,-3.795667307870577,-0.4974607909852649,-3.3310255547632712,3.2001250149342373
-0.5358805750683658,4.690070778543129,-3.583838271730089,-2.021692441919733,-4.766726137650232,1.8303039747231358,0.3764078607549899,1.670526487195629,-0.023622842098055465,-0.15733943004391873
-0.6211428313151929,-1.321632934610027,1.900956888646263,4.235339221448325,-3.323007250138043,-4.985483678331866,0.08921470119634721,-0.3013431501919054,-0.657093775002225,0.41720425783485926
1.555631737736152,-1.6269198357596728,8.813013101205284,6.367410223082582,1.3775868588858255,-0.05043157604727663,-14.014847559522819,-4.503931225043875,-3.5052220888053425,-1.8587551351486984
-0.26660025621746086,0.1881532473842844,-0.7385834617168687,-0.17540856805101132,1.3795726006607436,-4.4231794923866365,-1.214333601997475,-4.0496158411147505,-1.6472704268765477,-3.3294418911813883
-1.645351823373506,0.11300956750161269,-0.7872414543406042,-1.3926879355559527,2.0247872372391127,-0.43710001617507394,-0.33169813728017183,3.4929447618971587,-0.03234210801025333,-2.2514181889063263
-0.4164549072302256,-3.7284973599332947,-2.8791207134856416,3.679293494146067,-1.5976095821243428,-0.4358902955483728,-0.9513805749203357,-0.9176481980707821,0.4338887023362386,0.2747785521809697
3.7612201115183304,2.1079801032767413,1.708149368446007,1.4242572871050472,-3.4919794485518625,-1.1778881396730405,-3.9276737378799043,3.044429545927305,-3.429077453154135,-0.054317527239048015
-1.368307305156491,-13.140932848816256,-3.4749197920234605,-1.827267294609669,6.565028544408787,-9.29718314918158,-3.733822034867824,-5.726390735234244,-2.769637566775844,-7.54275175325203
-0.7055457680457287,0.5207911872394629,-2.2442029159962944,2.040759982620278,0.8970944456658267,1.53226913588802,-5.039097365469615,1.1065740715017656,5.3088847022904755,-3.836269887903676
0.09083982629592181,-1.8648038922556458,0.2296439727297675,3.5220569988135906,-1.5414825516800021,1.7507445583628112,-2.22224640432737,2.546111028765532,-3.568692841609953,-3.4764054153306114
-1.7323963693533608,5.940591942261913,1.0728299116874231,7.006460527508972,2.200167214856972,3.9862827215593573,-0.7543757646071119,0.2471110913876808,-0.4052290507128707,-5.496427767245179
-6.904738634265641,-7.320322411792171,5.245178837029166,-6.191516747258193,1.7439466827527619,-2.965924881998433,-7.956853099810776,0.2888906101775876,-4.181553654441379,-0.003988505541683289
0.5154892002238339,-0.9995699378972462,0.1830780179986359,2.182623998901845,-2.536333455845063,2.4845436333368434,0.26938590186501155,1.3846588571569884,-0.7718188081576586,1.3211216858338768
-0.13178122163827174,1.0347405719703886,-4.224023562832099,4.379058169162988,3.6059023694617363,0.8768227955856123,-3.4435259122631066,-2.7051498787174824,-1.13560823916819,-3.3686717280536516
0.9935673609052761,-3.28136827138842,-2.649558111672787,1.0669443408629018,-3.005280529019084,-2.9031796530820393,-0.5056113758802404,1.1633132295097972,1.1233633545919106,-0.8728104733658059
2.116210782241224,-2.3225789309284997,-0.20246489023500475,2.3423565634595866,-2.019716915336272,-2.927858583014393,2.254780691381226,-1.7625957833845194,-0.07866642420144784,0.3277373744782186
-2.4167852986277647,-2.187398862721501,2.619731134983403,-2.5932503463895307,0.15751193164265143,-1.0592218211155942,-5.772008672099437,-1.376847762418708,-4.890194442394931,1.9783721775841787
-3.2291518363412357,-0.4605345257071309,2.349435195226583,-3.436558500670016,-1.5254121959513969,-2.3957339841102203,1.9463830367011283,2.772423217238699,1.2483248805080716,1.8366533244605536
0.7263485598161725,1.8611114675533107,1.6927201261792888,-0.1589417519518935,-1.305431488460629,0.6030992955953368,-4.372736125870775,0.37260528132245574,0.4593688367313388,-2.0046383970688506
-2.3856554131651717,2.325363257448561,2.761444308007936,1.1881834976030494,-3.8108821814262446,-3.079737190135295,-4.307379761040455,-2.043677127322711,1.8513185780118833,4.6253757158227815
1.5193502528022285,-0.15488433508895003,-0.20929115976242457,4.248969960532183,-1.727674646626205,-1.3554138026957805,1.3962492017185189,0.028076751793922373,0.5548586121143544,0.22203049474635192
-2.143557648804858,-2.662368772377138,-0.4809227586052845,1.8919823086688747,-0.26943576226071964,-1.4418561040659856,-1.147922114553735,1.781798806304014,-1.4646570749404848,-1.4080500803475988
-0.6042642560853361,-1.768986301143223,-1.298239695020823,-1.5879703473447413,2.652901897208496,-3.1654763786555598,0.3945708943047075,1.9093816031705813,1.1637891280390082,-1.8000165920351787
-0.7909202139913317,-4.085247693715654,1.5999360616608744,-0.008464649072829499,-0.29454416591443733,-1.7764886838279388,4.24392560241126,-4.374931316286599,1.041384803331076,9.2525872712355
-0.1003571092023251,2.580393637258215,-1.22479269219458,0.2789163714016848,-1.747293043397714,-4.147602237794767,-2.3642069326647186,-2.88064593682491,-0.5016545765117015,-1.9618455480667838
-5.900259299971583,4.211581051863099,-6.409121363400627,7.435286581264519,0.3751720074565575,0.763269551742485,-1.212250990886112,5.306095070805467,-4.401875262910218,1.747132635350559
-4.566076273943183,-6.3804798460998455,-1.414733241288087,-9.328617002289302,10.149022873031369,-0.2006175196117494,5.218288054621946,1.8158407119834346,-3.534239332494701,-5.611599197305363
-0.11017082451171811,-3.6323144769285203,0.5166980888631154,4.5665181321690795,-1.6488948263033212,0.3122348170807205,-0.24246330157440338,0.9894086933276958,0.36981639718784837,0.7703715717547202
5.328186100605962,-1.5579060150232624,-5.147088218597924,0.26573281720811326,-6.5200355384415305,-1.6740531476138212,0.8540308309103725,-7.742685795767032,0.6534141202881826,10.492928512439724
0.325778433012988,-10.314548682276824,-10.485829954557724,-8.754229906315215,-0.6928305242442537,14.074554067315967,8.599356521197691,11.631220058853653,3.621945248197438,-9.76040616527527
-0.9217466779348388,-0.22041068991834012,-5.683842716328945,2.6198223413505874,6.188060633199517,-3.290682583305007,0.8954361822913255,0.568582964398839,1.6396776304496938,0.8265410435948705
-2.1818653554663743,-2.013565439416552,-0.13061744600086655,3.678544250814957,2.4214522450219027,-4.218504886168638,-3.2234715647469163,0.8835561952497921,2.441758019769053,-2.0818718647778773
4.687205215760751,1.8825656201978023,1.6386165998786864,-2.1384233873502336,-4.62312551083235,-2.826963143743643,-5.12400985743587,0.6282431909882311,6.5472611144271555,4.714960760682613
-1.3025353312513113,-1.8721202571551625,0.5927623519008369,3.415035267713826,-2.3939708193632003,-3.5834133871225173,-1.3514122015462002,2.8809405808639914,-0.23418157147969748,1.686728614011495
-2.01346830037543,0.5283322817119591,-2.260523417107286,-0.46172737329260494,-0.7095380738074614,-1.5333868930124555,6.196907676711918,1.8720064278545623,-2.511165098903627,-4.890658851078355
0.842238249786833,0.5322646293761116,6.670782208382853,-3.7388219399471754,0.2785653910982297,6.16878826991355,11.335445708428066,13.794995548214505,10.128401384002892,4.084164468442491
-6.880422069147824,-2.844744541584721,1.806966153842892,2.6101500052747015,2.263845434343873,8.253060783564905,-7.727544146453756,1.9738378861284471,-3.1506744623963296,-9.695392848631961
-2.214109935952589,2.3056093129411033,-3.5193035463479974,2.8434973213804717,12.13354763460371,0.6507673098936959,-3.350469651269282,6.541720878242648,-1.872639136682785,5.223851162267467
1.9515302635705827,-23.328545599099204,-9.858343989167844,2.7200835346035284,4.048164421673935,2.6695656719021215,-8.528932406652855,12.506217288412202,-17.12396597235486,-17.058023828123552
-0.24510982739562143,0.17265512191057006,6.810555736077124,4.304825020385188,-0.33343166380560696,1.8802531170336774,-3.549499965296537,1.161342129947327,-5.143980554617817,-0.9312176187561482
-0.11994314964362073,5.674451381293703,-3.29332391998068,13.157224397729635,4.073361416876522,3.6818781284868285,-1.8468696316148234,0.1085784418265233,0.5894324381075176,-8.189723783113768
-7.227284106845991,-3.425662137052862,-0.26722102179109447,3.5447236338873624,3.993751579381827,6.143085037933012,-6.885694732117833,0.6971298437797325,-3.8060146114481794,-11.553514810997255
-0.8080223688026499,-3.3306938570456808,-2.9465954610938065,2.23210465343957,0.3164385014701729,-7.531974962477086,-1.4222900729888646,-0.6203073091449557,-7.248698003031533,6.202137672493262
1.5974622439385116,1.8008072801849702,-3.611676458055162,-1.4015499601358652,2.2560996847727592,3.2085434340967813,-3.524088122736545,11.677478569498296,-2.3104138310336846,-1.833728146265241
1.2846634203940102,0.31559912396101947,0.6140087319145956,0.15321510958948256,-0.7266023645791355,-1.494342515548385,2.5583032588992474,0.8152752134938085,2.2104926476620466,-1.1254433926688225
-0.36386520954031804,-1.484315759121217,2.967582017788169,3.5886762754011117,-0.8715453881161849,-2.9706664942464496,-0.5042034228741319,2.6510000094740525,4.014526233485627,-0.21845287087784215
4.189718150320236,1.5507694506551517,2.11953084203258,-0.8198776151925136,-2.4537429235484702,-1.8438057714681935,2.7741622964990027,1.5048485075203608,-2.764545786049117,-1.230156382535343
1.1333374133080618,2.1529130703910244,0.039869937058321474,-0.09493749868784507,-2.818525769153046,2.257490192221804,0.12176293951448364,-0.19688607119178278,1.7302886746012323,0.3604452437421064
1.1377629420785988,2.0530810765853658,-4.361236926104092,3.9681176966052925,6.5654067734784665,-5.498840198491116,-0.21283941697406275,7.600411717489317,-3.620712887767585,5.420723648803711
4.1966923321271725,0.14773576180788714,-2.5134302287570116,1.4919447956971026,1.5486248573181092,-3.5159443964595707,2.739132729584531,4.494637417073358,-0.471288785217093,-0.4976035086889776
2.752912440149645,0.24318053767971595,4.57336019179885,8.385429486965254,4.524873878904298,2.470846168159102,2.0546783177794246,-3.1335427333826615,3.627048702830598,1.6044965973536225
-5.040046741840641,-6.434310925331531,5.306068219977108,-4.877096927488061,-2.4555836520035674,-5.625220334835528,-6.465181183637914,-2.873827738690052,-2.689174668192765,1.1993944315181666
1.7246041486848804,2.8389593859710014,-0.8747330640468172,-0.13793247235759543,-3.846322199937774,-1.7576966779259144,-0.8432721474044377,2.469416277525228,0.8885681916374443,1.8933253592167127
-0.23490559019368368,2.820774960781594,0.8940913036529187,-1.1841885599841704,-0.6146758472616669,-0.5785758590617359,-0.818076884598377,5.092967856179549,2.760109516434458,-0.9730586314065999
-1.2971327189457165,-0.8379291043323587,0.40296018550340584,4.5143466490589415,-0.7631205230856813,0.4579445087489729,-0.33692957102952925,2.1129655078986396,1.0990742977878167,0.2944737657135027
-3.749637014728358,-6.990855280072071,2.55664232771245,11.573508322736547,-2.2113735632047495,3.959248048686961,-1.6790256365885181,2.8572592201870752,-10.776568481237726,-1.0091045126780245
-8.480704123465705,3.765824655257622,-2.3643907888846494,-5.913217361546494,5.607722658423402,-12.674524518017968,-8.638216848699374,-11.874662039046074,4.205665292017331,-2.9185471978560114
0.733977475070727,1.4696084990110643,-1.7966136766065213,5.250585661781488,-2.7511515156523054,4.663796629771504,5.351699319949736,1.2506762633966872,1.2048767706306147,0.06049391628887888
-1.477989624144289,-0.5449596604895947,-3.1381566837308235,-1.7784827128748057,2.568581621540382,-0.6539785986288004,-0.6586641282010269,2.4504018321025764,0.3948357772281291,-2.930598006924644
-5.664444065803312,2.071920216115302,2.659279734176623,-0.6800105625651275,0.15154175790500277,2.1261662217440684,-0.9663029997071649,3.3275049832746917,-5.656653150725556,-7.326233798362533
2.8887140576229267,1.7581540633770236,-2.9273621727775354,2.3172488832279927,-0.14732082465445914,-1.8520537575958362,-2.261129228178784,-1.451781583375176,0.208182688395684,-3.0136749177189768
-4.427375103027715,-6.722577210521597,-1.3010692720314523,5.310801726241185,-5.886461181663492,4.1929668298652825,12.547292546007718,2.130832928662135,3.142070582624079,7.129874373423644
-5.446253268004357,4.246017562989018,-1.795847556076216,2.499892340937198,-3.1016692805792574,4.635562105425705,0.5951869151980699,-6.831572505928015,5.469793474671594,-0.9291921682450998
-10.736846068246637,6.675628486147532,9.613765978139558,-0.32937878608223226,-0.27162453457011093,-5.60053814704562,-1.181957380135401,-10.90831639269354,-7.139375242705138,2.946982227358557
-5.985467764688802,2.4693370085843855,0.14274018125720295,-0.7881989855296906,1.3245154471929337,-1.3920997362540168,2.8089768924765224,4.282910179116315,-0.0236533722461596,8.776005422166632
1.4411526827469583,-1.1082158558597335,2.5619412259737575,0.7424679615181938,-1.6323817778069811,-4.500148420015105,1.4293299199367333,-0.2899398680436342,0.06769871140830554,-0.11770155306651735
2.820363116198679,1.4937353739316337,3.936444532678954,0.11267716275024978,-1.4345757973712499,-0.9798344028945127,0.13708526603583254,0.7128189211524623,0.9233127041891989,2.39348987518358
-5.096913868924197,-5.696204140653044,-3.7976954896144526,1.4719153391990147,0.8683452905566134,0.6655138794887605,0.6623835241672643,0.36529621187745337,-1.555128842561546,-0.4667374727641877
-0.18464844495733734,1.959620405907401,-1.216263337703085,0.7054440397122009,0.10730647286778515,-5.4136764186279605,-1.2967968618801204,-3.166063324258316,-2.4642472850552135,-2.6600665213205676
3.568813634911118,2.5944015513836782,-0.4824913250905904,0.4552942993065132,-0.1307338184373447,-1.9402886195672975,-5.598339800565183,0.6699486675693997,1.0129213557535146,0.1340276170417055
-10.132322538728504,-5.000790984556527,5.1622858598445855,-3.3325509898763546,6.58599279561102,-2.6427015248613657,3.9762988478342165,5.034445771704181,2.808852456542857,5.499981235058839
0.8255003528789582,-2.918008058767673,0.2349139134847564,4.413640961529894,-2.185418655952161,-5.758557000557424,-1.5581719762806756,4.292203893300838,-0.2959024533892231,1.6339753858397124
1.6199760942499257,3.6577963565793588,-0.37117308380973973,0.8820880219859835,7.421667846077744,4.203131738497368,3.6882871738831513,4.06038991223827,-5.65030790729034,-5.545053105108635
-0.49817269219285987,-2.1907255515771538,-3.4650207223812353,0.7380844946953571,1.4737315307307437,-9.523219705362097,-0.16260593379318866,-2.284059894421001,-4.210580319660415,3.7610495563263475
-0.38940870164526864,-6.501314353389837,7.5982523540785865,2.869498205550904,-4.735775742079527,-1.0684961790438634,-3.8383085503331817,-2.4462079973170203,1.0581780850774596,5.537449556122816
0.5936684529184099,0.6816099055993529,0.23216877055415627,5.027133284136207,0.4407452793652268,-2.526686850773894,-2.421661517810293,-0.04703269661480818,2.8852348315404597,0.4322331802423955
5.487967205229592,5.686513464393922,3.850845371405513,-5.5841119394898975,5.086619281152568,-1.6381767846716708,2.695997869207218,-14.102199799852855,-4.413948732297848,-5.851508361890474
-13.851537111000056,-1.971084855288269,8.890241617883085,4.524366774027925,-7.076865759806893,13.496472116227421,-1.404211681019958,8.68703525348445,1.2183435678479422,11.352659209648928
-8.766272277128072,-4.194304952661834,-11.800173031006082,-0.9890577740032267,-8.426273886679502,2.0671418927270877,3.650000998399439,7.312241265171949,4.913570026627198,13.607046894175467
0.6751060769512337,-1.4996687897530174,-2.7723263307868105,3.3152320040718712,-1.909286536894674,-1.9311612626633208,-0.9458905851574059,-1.1166464525088942,-2.091493461658837,-0.5243468287213446
-1.3126543310355516,4.938898521829674,3.289253589351112,-0.22530943047018734,2.840863679705804,5.321610521547357,2.2153594991121395,-1.0426660202941997,2.016992513616038,-3.5586319292038917
-1.3251815256898734,-3.049806891589387,-5.766073744808963,5.6229180564218595,1.2439158204987282,-1.209507911494311,1.1881452258261656,-5.080401385334307,-1.1213744550667553,-3.2784951232979007
11.415303833640904,-8.660100937601802,-2.3594691850042944,-7.7944182199424334,-4.950529416452183,-12.766822991936055,-4.753854838554694,-5.500558433754835,3.892909094854438,-2.1395553829539615
3.2816558551276005,3.4052442295389644,-1.2565147846773341,-2.5590757226169747,-0.017934240481885952,0.14118465314527415,2.76731289303884,2.774369977002726,-0.061285702944795496,-1.6890766421717112
0.3131883267515956,-3.299550614256617,3.41847263694535,0.9269078718307747,1.1083249653285665,3.436469208212188,5.784660935977812,-1.6791657494708174,-2.8955998415730106,0.24266142568198437
-4.0858245870229615,-1.3303213654624246,3.9842423825442435,8.941610879291247,0.32816615071135846,6.299548716290632,-6.644756634777563,0.32478741054907284,-3.104354307028378,0.24562215775613191
-6.85196025030908,-5.46030349509294,4.442688250667035,9.275348897411824,9.172558159566863,2.2392386204716668,-6.569938245460294,-9.517229790429674,4.122144597563018,0.8504037823655738
-1.7331399656998543,0.2788809595034191,-1.1490878328194973,-0.009573130428491184,-4.828426713789985,1.2416153292813488,1.4937177527787942,-10.61787108010324,-1.0391450063932168,1.6597107410235035
-2.2667050893629863,-2.472386173448093,1.1065867704125822,0.6003281557569401,-3.2361950333543903,-2.142892371351269,0.2882894321608067,-7.000839622500498,-1.6551495544638506,4.66230741034751
-1.378655763866635,-2.867449691566972,-1.6497184626958104,-0.7464915650560818,3.618442033809159,0.24491736552749246,1.43458171169183,4.014551587939934,-3.5691570378989335,-2.505633833131151
1.021639040936512,-2.1141501366316615,-2.422866589246477,-1.7383546777990602,2.8981369866147513,-0.9384150357892592,1.3485025370803119,1.6131611984529146,0.0347196627165209,-1.9107753829296545
0.7257574417965905,-1.774210242102029,4.3292628360980885,-0.6283229824365477,0.6772762664647886,-2.204254854385677,0.9721850830800535,2.071582719491718,-0.8990103830504428,-1.5463286824522655
1.4086539484327445,-0.1842720321054456,2.47431260871847,-2.0824167031334913,1.4098085495035004,0.6104692653014542,-1.031652379572015,0.13239947700742788,0.19577549977704023,-1.4949358854952461
-0.17342691499348423,2.6634245313731855,3.0312357523677944,-2.5011416670926017,-3.289376192754134,0.5075515551798752,-6.411751371126681,-2.937284592514161,-0.1913473690565138,4.953082606606838
-0.09063184256727652,-3.917707661706672,2.076454501621728,-8.27741354827727,-7.243442633695425,-4.8904851394436575,-3.3100067869954404,-8.047265089253838,3.850805881367812,2.843081791779162
1.0099913019404803,0.48409207232995255,0.7815871875809574,0.40444329311380406,1.071707945709567,-2.8443452877154347,2.8027832041906096,0.5838430724609038,1.8200749091785693,-0.5015682447215406
-3.5881000360246724,0.11631122110733265,2.965778036837954,1.780478230156738,-0.9965785924735803,-5.594082991841593,-3.634835904416993,-5.834133727966023,-1.4189122032393624,2.5653341470235107
1.456549990422822,3.519179392433751,2.284700713817909,0.9928373313716429,-0.26512061052850044,1.9572173703211202,-4.081375542798015,-2.4080096039361747,1.8022729459234061,2.9099655022712185
-1.1486327675456938,2.688681412795622,2.4396490737450867,-6.341406487829065,1.1374538027501782,2.947948901270115,3.2239933169501787,4.920525987563829,-0.8220533226142355,-3.7370774157464757
5.205833911045026,8.183233218654653,6.258216137468993,-1.7086689524342034,-0.07735583044361219,0.7512095502201894,-2.3363060530815383,2.723797388128534,0.8081772416371417,4.007260613320934
0.23631526693217175,-0.009982419771647997,-0.8397352781032998,5.264014845172935,1.167542487336089,-2.542744148061357,-1.2272217325456982,-0.6768781721065462,3.900888773223366,-0.7246985150512719
-3.1398578973846036,0.05723824834668975,5.488796399122359,2.5314275418352707,1.9556978254826531,1.4046768716484115,4.743707992572793,3.7747753914803903,-2.6712818445555118,-4.779773137862723
-0.013439413367688455,-0.2240068539277921,1.2197424984500205,3.6041314353351686,-1.8653524887249313,-0.06410470433848928,-1.6836511326180994,2.4969856318913464,3.7355448379257505,2.550655288252008
2.9090239400676383,3.5909404995835854,1.2582579278869832,0.26381379038562297,1.6454626154859227,0.3596932189725448,2.940005652138037,-2.3293191354327485,-0.4337401370704262,1.7064010004846173
0.06375294315044551,-1.563812748389106,2.0184882529297377,5.268113825480452,-2.0928040984472887,-4.506980437009515,3.0008068694723358,1.4733501710082066,-2.2522949438328403,0.5114350395744347
-3.739209200078517,0.21676290421465222,0.45608073771284885,2.6500786409844705,6.717870943305624,-0.16004668284450202,1.5222023505823963,1.898603436278024,4.16683110451717,1.4831922067352348
-3.2895106594352064,0.014103775029697773,-15.6685294320301,-2.461677361510195,14.63871682691282,4.387441672803772,1.5105070489867682,-16.510581755426763,2.626392930516732,-7.064845237052453
1.5367344547164632,-6.222847554290579,2.5007604110866613,2.5419447774931334,-1.7796436526870814,-1.642230185991779,-6.154823672271741,2.8799574283717377,9.967536237174029,-0.6650636640535589
-5.392453750953664,11.790181620542596,4.775474636908005,-6.880954308308169,-4.382417916387126,14.490840306069531,-6.203496724822951,9.789598314682273,-20.96788649475234,-1.4861401308857283
0.38666423274131445,-3.3091445071900103,-0.3316156873331762,1.137362053225287,0.07612858648617482,-1.381565834497265,0.07363411638176054,2.951108049989069,-5.3635661282859255,-0.179363460341346
0.258373911135822,5.221896234334236,-4.469157591323022,-1.3270766706695274,-5.430732823801944,1.7196226082327137,-1.575539154952662,0.3199988008960544,-0.018104557048219012,-0.39722873784188906
15.859098485976435,19.51587316574274,-6.000994925122777,-12.577548348211655,-2.1593619479445842,23.125618389652626,0.5687418800008359,-15.614905967874599,11.886358761345122,-5.4899819623926565
-1.0266421826319598,-1.4281687740193145,0.9637433431443182,1.3848054772800795,-4.6321137817707765,-2.5495941358834857,-0.37067722751276977,2.952540789552504,1.0609016362018477,1.091325017494089
9.433085311337233,0.8968301788665473,2.0302775292340045,-5.7832422872108395,-0.7178266374562248,-2.0405428974716355,-4.826096277996379,-2.709265211504602,-8.43245387373377,1.4254822133948983
-6.3129794704368765,-8.98872878300247,2.4735428594868405,-6.7889720552485375,1.7753302159980542,-0.12456639114820915,2.5447573222313933,-2.647004520345912,-9.046314161924336,-1.8133994769158508
-0.8961730915359883,-0.47980809886333026,-1.2319978418741278,-2.816480088275562,-0.907363637635987,-2.5726444568723745,2.045409396368627,0.6846711191484427,-2.1589774265896327,1.498719545502133
0.3621637561113667,2.2783571466263752,3.441776820825567,0.013143257609283603,1.5727522088765533,-0.24429254381975568,3.0894602163636473,-2.6809687509108064,4.040432676285755,1.0739743440029883
5.26742594876872,-0.4008414307077454,5.051504927307208,11.039717661845359,-3.1091477461253874,-0.5396389123528648,-1.2208386224289236,-4.449424497977627,-0.7056712646963047,-5.619395060439338
4.442915062006638,-0.8731360791183623,0.8974076989701513,-3.5925855458949205,-5.089421622221549,-2.5963359059851885,2.1950153698269634,1.1084080093892825,-1.4566582119012574,-0.2161272362746626
3.5595163805759475,-1.7016713772342045,0.8233413630361429,-1.5250650301636308,-1.5786605010515222,-1.9355899608708884,2.8474420668183287,-5.832725813943371,1.7483640524485666,5.718322867321255
2.0409050271282982,-0.6005625158759852,1.2560099562229758,0.2543816554393763,1.6246633816864335,-3.117614056809594,0.37011757373251414,-3.518013779505432,-3.1239243249241246,0.07506624285553368
5.138555188805429,0.7864647813116062,0.17361048735328843,0.49191499311293563,0.3989094048657776,-1.9627237698054454,-1.7558103604250819,1.5782344178618994,0.5735051749464406,-1.032801970254728
7.137511940462344,7.373717740628892,4.525674999615065,-2.4903073956544612,2.7891656098950364,0.6994543297964839,-3.9286692435992023,-0.3257979949688948,0.928726015517532,3.9510591058516735
3.412392893570861,1.410033256162989,0.5554079685926577,0.8075998208501074,-1.3369669248968155,-3.68301858353533,-3.8949749314152196,-0.07034279338879051,-2.664234636639744,-0.42060443349657634
1.4621039524525257,-10.870486657803395,-6.163933629862149,-5.21068293732472,-1.3529040100446073,-5.426980241813701,0.9743260611025713,-9.05055830453972,-6.4677339317322735,-5.947285860531511
-2.652103032797871,-2.4893457349721047,-0.23790224126263432,4.432814591087084,0.3325228125584338,3.6710699456908245,4.453472459537352,3.1285571975926074,1.5681820725817028,-3.385636083804501
1.8539645132882272,0.6603125325908754,-2.2777509331445187,1.9273306498346765,0.03924963684715886,-1.5434707844572282,-1.0842693996489887,-0.8396323412893163,1.0337757820498374,-0.161474137216743
1.8013068685956322,-1.7783094880088648,-0.46969646765901946,-3.1837489507024164,0.11194193302558486,2.4380451531307448,3.996951257162117,1.2970613924897252,-5.947045775158295,1.516138607087825
2.815165745359949,-0.031038110805276697,3.4935681274375137,-0.617530401964682,-2.380158299244274,-0.8815866895403308,2.4803733544041506,1.5759051384902154,0.5135044282754979,-1.683212679703618
-1.3473130987525723,0.3336462915084985,3.6648500628386493,-6.222348550889488,1.5086423596021887,-0.10425163015514885,0.8719180293147115,2.730215587933224,3.1794939112068303,-4.4239107548962275
-1.3227691617615183,-1.3519651363484775,0.22748097504953643,-0.5878756490560143,1.418624889108664,-5.7572180997428415,2.529594440537038,-4.299797399199631,-1.202189570827879,0.6825979000405379
-2.309237784096279,0.7953280043897272,12.33135529781971,-2.9541012712543506,2.995998354634141,0.38242997311125354,-0.24240315123327139,-2.486239292964662,-5.5453647870711595,1.1814825030281677
-3.390844686606487,2.4192632995629135,-3.3959969942543236,0.45077838291534594,-3.7931251653910745,-0.042218933918710705,-17.152632967742857,9.490297969370122,8.91549364389631,-2.9519102279136393
-5.425583306206156,-2.5410234563394165,2.195981494340334,5.88543797992658,10.013638897161455,3.6397045423671237,-9.451444454480347,-10.014248644745663,6.278720080951247,1.3172731247870857
-5.175383055003709,-3.0559584160989184,-4.391179792366516,0.41877929460965896,0.9994891834152839,0.38790530272987017,-1.0405549760767332,0.8507448471423789,-0.3829739710129379,1.966618562038759
-0.31403880662110834,-0.21523157357546346,1.3251785359051023,3.051742452632916,0.42751430670635965,-3.6847941649378324,-0.054487232167920056,1.0254128270373981,0.1352201102283684,-0.3231760539187739
-11.087393611227842,10.905767726766708,5.6740929455295,-5.416488208333421,7.869716056942393,3.6902174128056844,1.0277274604501625,1.6765667630363854,14.686359479581968,-2.6415869848081264
3.0727260140819435,2.441850572234156,2.568241513883547,-1.2481585272857882,-1.1581971895864722,-0.6721216309664726,2.8649042454528293,0.20249859504515183,-1.2465910904345308,-0.567882420760366
1.531728360971511,3.7587959428533964,2.275005561339854,0.0588313776413207,0.3962841340011725,0.9687271561649298,4.278901795615291,-2.751766726436946,-1.3778003872377462,-0.7654685723839045
2.5371521853988477,-2.0305783383397946,-2.788012025587407,4.2517696424462486,-3.2622157549765554,-0.04792886097315843,0.07320857197316469,-3.2412904813010788,0.3947503366741697,2.816168678813696
-3.7434445833130314,0.294501161932893,-2.725716192526468,1.8641621019591723,6.84194764229378,2.0940298554852164,0.12718903899793627,-1.0909378094192381,1.3560822361047478,1.8370712454059452
1.1406093293739705,2.843005610749135,-4.756751754252376,-2.7383477474556477,-2.4790195642686865,1.766833319891282,1.932713751947586,-0.9598380338600364,-0.8217397794299244,0.553411818112305
2.5107228665957932,0.5300881028813982,4.5110126219102655,19.2469463286017,2.5338726628758037,-14.761960603592602,12.27880869768559,-3.9165292402074354,6.584820082742276,-7.117804664466336
1.1114820486354067,2.527506399945841,-3.8873066785339807,0.4754253191558582,0.8295023406432783,-3.5634357396091447,1.6578209208940005,-0.9410897081100571,3.8027575443985167,-1.3411995563884065
-7.878581658362008,3.8019722058866896,3.5578612863851036,0.2945560828146378,-0.5338500519830665,3.927013594365563,4.5852484718899555,3.381886224557285,-0.14451002017930634,6.612498201593723
-1.1620560117410206,3.6261091091293505,0.5633030063508097,-0.5997731614387884,-0.8417899820206353,-0.5971934551475375,6.384971703121316,-0.5550200603957234,1.3157126523628788,-0.4146907480077557
-1.5707447609424496,-4.829237326694534,3.052371464899076,-0.653142722924505,3.019136726879794,4.904561681548095,2.2604935798189922,0.1477689508369611,-3.270199285722265,-3.1918811650758925
-1.9566259816002534,-0.1898151711177851,-0.23675619007652915,0.5918236885970708,-5.772689913836452,2.258438438751548,0.1357000711783965,-0.9938282220739586,0.38872376985168433,1.8367045318002084
-9.575945886472425,2.646968273470884,3.23779780215372,1.5082811626475674,0.4806978954257672,2.1738952324288556,4.93760692181164,0.7250005909156877,-2.8089815166468255,8.943133384639173
0.09160260907216967,-0.7890003808773666,0.8333285221534862,-4.02602350415381,-1.1834726158141426,1.6567037064059544,0.6324048971217261,1.2147353818054578,1.8833014941362196,3.3938983865838033
3.054060564087643,3.7062175145214593,0.13710771250565443,-3.307895000772075,-0.4366054035592524,4.070651880510419,1.4135523149493128,1.0467649197235653,0.4517510464212183,-2.220866591521804
2.8035821057702575,5.523640025449155,1.329656824415818,0.07937942719467911,0.8377074595126912,1.513181794228825,1.0585196680296212,-2.238605515510301,1.270848261428073,1.6473147413938176
-0.6949965804372061,0.7063106565112587,0.01834191411643764,-2.730982010478477,-2.602266045604121,0.4453176476211084,-3.9745986208121327,7.088520397173224,3.3939722194205886,0.2956245800916547
-3.1771091751174563,-10.406982114748736,-3.538295840382304,-4.733449447068123,1.0832985074789385,-1.742222775609139,2.3176959930484955,-6.557773722039587,-5.98674900606251,-3.452517542115432
-7.194366792977716,-3.5323190342870396,-2.857259843384697,-0.6030462401262986,0.6216740835685753,6.448002907317018,-0.48499171691250337,-1.4551146686616516,-0.8282693394080171,19.185514508401397
0.7216812802465129,-1.3238708459875796,2.688050650904129,1.225574613941625,1.4283497115141675,-4.3870771969785425,1.6127327104563016,-1.614220586785783,-3.5329394690948632,-1.3649851625807587
-0.5353594685347599,6.152208007231245,-1.4823457967811076,-4.297644650339515,-4.863291938205458,0.109220789186917,-2.5930966619382443,1.3296227728305907,4.774523233155748,-4.679592148029749
1.3302654946842343,-0.5180335005861911,0.7771192175738496,3.3794549982205213,-3.8651624548541097,-1.2622166913686461,1.8158525521105933,-1.2780529389814963,3.137725582284052,1.25690208987134
2.775073856460512,-3.056656192342903,1.6216803602032905,-0.24841603423682154,-0.9518766089608094,-1.8193583949482757,2.0946163955689356,-3.0558388184309773,-2.587789069426096,-2.8077612016114952
-1.3549943287085355,-5.827858788846135,3.8317088152384495,1.9016130328380292,1.8278205154962779,5.670525000410755,0.6717883585397507,-6.674567000380674,-4.1043476576113385,-0.8044778892764624
-0.4176985395850637,0.6880739259737293,-1.7301458261531975,3.5049807228411187,-0.8886466682085646,5.821024130700042,-0.05347396455990901,-0.7878308665646745,2.3462950959551163,-1.6132878842020792
-4.2377530548869835,-0.7865994885582571,4.092463093774685,-2.586226132998002,-2.6570299987555286,-5.859881239746583,-3.278772635844736,-2.3520787318924605,-1.3821726560783587,6.617031644416818
-2.282225079441218,-1.3446158444526597,1.289524782381906,0.6859909716759559,-2.378193066877701,-2.3667460090527146,-1.7715573127843232,-6.785610898721066,-3.9700602019925455,-0.4687350040436142
-0.05342271711986651,0.3225508701580693,-0.6472111958216262,0.6035308572189825,2.6115334343622916,-2.032051229397039,1.0065754727347114,0.4935079045968928,3.2793831893895184,-1.5938574590635743
-0.3143209910562425,-1.8257638228027935,1.6479788658095957,-1.2830583240209703,0.781882064891537,-1.9418367852101284,0.3359146660794557,-3.056716053601443,-2.5040326645043303,3.581342327240248
0.15566622519129933,6.131011473727339,2.673456424209831,1.8673167536688329,-1.2054265959237547,-5.389854990176686,-1.38804757993947,-2.3577627507630514,2.730629502109231,-0.9423005673601771
-2.4421113299131196,4.92674514296043,2.8911324625237698,-8.270872619302557,1.1552611672383681,5.857381578527308,-0.5059318549473848,6.500147309100783,0.8213258068440407,-3.1135045453080155
0.14181819721320307,0.3509770349369452,0.6573006335096014,5.100733802721107,1.5430290006130714,-2.966085447676893,1.0482065665804792,-0.8160618510939361,-0.12212665105299517,0.7868540970428786
-4.063362463557568,-5.300751435915641,2.7653656931381856,-6.639335024255655,-1.1274867630734138,-4.3627335509448075,-7.780744163120413,-1.565708576732474,-6.931284597771523,3.881244201721942
2.976165079664628,-12.221465519979317,-0.8791500659207001,-6.453931843713046,-8.063871113419227,-9.067824225658278,3.7541757995926304,0.9269158923831537,8.060788405256353,-3.467252181275374
-0.13531005658232165,0.6366311342905723,0.5206208277956426,3.722078093461888,-2.861996168919711,0.5467465210615507,-0.20411991565271662,-0.05462909689459011,3.2436091762635155,1.5940303206812882
0.27797954818937465,-0.9180969833284531,-0.8903602457762256,5.379019180915073,1.1114237863381173,-3.6470922827163568,6.860881989223076,0.3877940276928518,1.9255055095677929,-5.611808644942478
2.5471401807793557,-2.5781125221045054,3.8556042254113647,-10.447416371875331,-7.419736432366208,3.596388687863793,-5.4672260266988,-2.1689487192299834,5.376294810229395,1.0247888132603216
1.7263165593762062,2.8753184627703354,-6.001212215800215,1.4521916141514568,-7.893886880081966,6.126664236495048,-3.4816008137520416,-4.017506804131494,3.343012905701027,9.512532787293214
-0.46960384575141345,0.2576281942814604,7.9761058240075124,-1.3187964050600736,-2.3946032212025234,0.8522592048567033,3.3163015125885815,2.2759590145416704,-2.4499586411742706,-3.9913957793070245
-11.025369582761423,-0.031354198316924604,1.5101528151818198,5.649778236703969,-2.300861192308619,2.095690841476026,-4.86431635848945,-3.308302140899583,12.06590750294353,0.3625136976294884
6.445629812428938,-0.9602475192402056,9.187369538031728,-2.679482573652319,4.930996450092197,9.347861627339105,6.51225794097057,6.57120617894857,-8.983466692012687,-5.239134818599968
0.5459988494370868,-2.5711809878010126,1.545991704875013,3.0484682360144393,-1.6260079662604732,-3.8281644463315456,0.47931640075486964,-1.2896351914437734,-1.8138532960998628,0.48381975231990504
1.9583170454292578,-7.902921430295091,-3.9823166100300824,-6.634240673632845,7.370690286075892,3.055798394607846,7.010389734236419,9.795850556811759,-0.7975362735208632,3.25623176067252
1.4848679683252188,2.4029171521778716,1.4996681564698817,0.7696709022414782,-6.442391149434437,-2.4900844322775235,-1.3773544544597027,2.8221452261891478,2.5755669331463786,2.3140615935158113
1.4879144546803063,2.4871756870249304,-0.033978631941034974,1.857997651209341,1.1113944312982975,0.1943543521793367,3.6710870721731785,-1.9043965962440832,1.1454870656416865,3.0234367346252515
5.40100460347272,5.991433694776053,3.6755613451524507,-0.6184261429460602,4.91577593756402,-0.8395266159028241,-3.7534756707919588,-2.4346724231304364,-0.6848853334639137,4.110452003182222
-2.02733371825282,2.437176712432297,-4.590113862846223,7.3846726971214744,-2.6955362478146676,-1.350929783976727,2.2471968563996336,0.24514888897287537,-7.222384990980377,3.359858604433486
-4.055546853027267,5.688035437557647,-3.467683548070429,-5.338757587289503,8.626486024911102,-1.6481234556150726,-9.994483571557636,4.362464636348181,4.3994967402954135,0.7630440042796525
5.583813502729088,0.2951167547742371,0.7603855681901762,4.405919976712886,2.432751685112834,0.7429124790237874,-2.093130090559778,0.3011715130926454,2.3104016771185916,-0.7066733903107426
4.092687622443478,4.2822990660398235,-7.451823471417385,-3.081667640348867,-4.762882271495359,0.1952165288767612,0.7771770634016956,2.4686842243885536,1.655176537336601,-0.05192149063637743
-0.39234519944382723,-0.1177275767865272,-2.034829945121552,-5.346906445807815,-0.6225669892366239,-3.8857811213240985,0.6182902392470381,-1.1021372943524634,-0.9478556311941242,0.5757466535268573
10.112288794224538,2.735242620078852,2.4481879785823732,-6.51392437688152,1.4563753577986513,-1.507121374773042,-6.510989229231335,-2.97857704017306,-6.299885049255255,0.6960983868979994
1.5756421563081147,2.7663467209960944,1.9434061719530746,0.8160084027244981,0.6180388312981279,3.3461490244641836,-4.576684453571599,-1.7106407156356855,1.6039735330538607,1.2958526429112236
3.1502320893615385,-1.2208136390318276,1.916002331336875,4.74471586383165,2.1374294456172147,-1.0274061908826055,-2.945345000400079,-0.28494011956751286,-2.5604236338371984,-0.02433189354274626
1.8663253082229319,1.5097922049228678,3.680878520226935,-1.2895408698995403,-1.337727065070255,0.7609429921406238,1.3398351795674126,3.3543833601325628,0.8595251506179912,1.5464519556809924
1.4113328481100667,6.306478751031485,-3.496870548335667,-3.0177711991595912,-6.13586981153444,4.107507054247424,0.7735861805233172,2.4134548668285785,1.693294691107822,-0.7834204614388395
-2.9305485004884257,8.062565645822911,3.1891774532632176,-3.610548120796418,-4.152964201555597,4.902323329687532,-1.2717116350200595,5.550833120122319,13.428297970626522,3.86817321558525
8.851603173547945,2.5065167550795118,2.3784117452199083,-8.217309540673632,0.7215165667807338,2.2645485888397086,-7.192869875617367,1.403853646610264,-6.906016182537075,1.545565000093248
5.509380569492165,5.998509875060894,4.62731156167905,-1.878857176436817,4.191371863340448,-0.04614751652764962,-4.398628932756066,0.4463058697561966,0.17888643168924787,3.5223780844589823
-2.4678446013240065,-1.4898624327112868,-5.259112696131189,0.5650798697672205,-4.845673888062167,-7.616558967690595,-2.596001751383375,-1.1005071619864346,10.0116893264013,4.165587611660576
-2.767394228502818,-4.500040430884683,-1.061398934916055,1.6294008263654134,1.1969093146084826,-7.0064649258387846,-1.7789194561781079,-0.15985563442418396,-5.629481554310798,5.0774783552308165
-0.1404777734334272,-0.33373751694324577,0.47019180369467406,-4.717708306663337,2.29353237107457,4.698638996313441,-0.34556105368453544,0.5667866865826365,-0.9727672332443114,-0.3399676269166111
1.3361344941184756,4.7522622486831985,1.2323558629604918,-15.589315073667306,2.7927682650125947,8.580101756393207,-0.38040045806522627,-1.998669697553418,8.215839262849194,-13.011859453102566
-3.869355783257692,-3.50204831291586,-3.986365935468025,-0.3405744621079977,-0.0067197466562596165,2.692405163775877,-0.6068834980815521,1.1843852249338793,-2.331349068985098,0.16522047140430632
-2.0802222157290595,2.706679205473628,3.0813251521642835,-0.3331377925379773,-1.954775275917494,1.0457974931449197,-1.5886572322949157,-1.5620292960052629,1.7949435376682326,-2.538496180785171
-7.115309449582391,2.929445997889492,-6.684775071846075,-2.8778905848857406,6.086289700985521,14.687389899805073,2.8167184617839607,-4.27316466255786,4.525342378994719,-7.464133571004338
-1.4769473347961193,4.816095120584095,-2.2212639334532724,0.05937746986460022,-0.41173163068478247,1.1316826335865644,2.0318472739174567,1.112354247928777,2.954039600148064,-2.9288541926765137
-1.45513968289397,1.6135685699101654,-1.1474459792951786,0.5314420065561704,0.07571061794232271,-2.6570727049797793,5.226679509318723,-4.19292046057021,-1.1484220415638275,-1.7234887301118844
0.6071165746660039,2.204503280032642,-13.716968771135194,-8.296489308444883,0.8464987940384366,6.576844470326126,-0.8052369614674273,7.15550176008135,-0.1919986120768958,7.7488579324170646
-1.301319990728363,-4.241756578580371,-5.345785914834538,5.780674954540504,-0.08217616694130123,-1.93247777020357,-5.066445533496389,1.3239708213124546,0.5904095669001316,4.871178917068951
3.872268671480114,3.9797196069146743,5.608443454790387,-4.5015671275512945,-8.27860898535263,6.8087110393060835,9.186230056299346,7.4207751860916344,9.519311789566299,16.42674233684276
1.417304170548667,3.5542733417078853,1.2544426192039047,-0.44883592000104267,0.6450501895244576,-0.9652692471391608,4.1155466921394686,-2.6796740327252544,0.7845071820368222,-1.5652119833881644
0.1715455006965119,2.104739388347141,3.598527308596271,-3.9320795244655,-0.738827226580297,-1.6734975978409592,-6.75925571260502,-5.743231247118952,-2.317604824787204,3.6309018644177162
4.481553980359803,0.04821575869626265,1.3098422591656926,6.305461707186085,0.1047628277479107,-0.2925153107742239,-0.5929554674966973,-0.235877291678988,-1.9253228481364217,-0.20442071318642532
-0.6890262964344502,-2.475728952358448,1.0500145379998194,1.6358186509279917,-3.0200954428144726,-1.1516428917009385,-1.6028558976757652,1.5914977004894424,4.360319109113674,1.072225697998125
1.4313228631622603,-3.569723471798057,4.882523908114815,1.5355038657935727,-2.938005732452998,2.1579485953682562,-6.850609195999528,-5.399808722894106,0.8819738902804072,2.928174070736649
-2.718621103491398,-8.592859095216063,-11.598440894104519,-9.704789148084515,-0.1331637583943123,5.046774753110864,3.120948889880947,4.3213262457968815,-13.97418914897339,-4.716850014441733
8.990319880260559,-3.236138151711618,-5.618802660161608,0.883259017207428,-4.381699977808627,8.640994341263312,-1.3537434878781227,-6.139447490523793,2.7144554940497208,10.702440715249029
0.5947809820573764,-2.560841062036582,0.7768775762743431,0.2512603693231049,-1.743578851870063,-3.3635927916607367,1.0456069665447278,0.9618623526195478,1.31949470066157,0.38970110179500816
0.9044677391753501,-0.955661647818528,-3.05916352671587,-6.422505649922366,-2.985745423116876,-4.881891346228607,0.9625070954989982,-3.476235934309101,-1.7817624531562704,0.7581862050419841
-2.605048908841313,-2.265729848693363,-6.908444875546523,-1.0319836360838899,-6.529057848347121,0.42761831577610737,0.7995736590238036,-3.135609818831651,-1.0598925899358431,9.011845693333916
2.5723878294198754,10.073036615446089,2.329635286294327,8.710696379373461,0.5928622721544934,-3.2449889513813854,-0.8751161299577773,-2.968635686773611,0.14888667758872523,-6.87640583922591
1.3502439893677152,1.6533320344459475,-0.44605101493308946,-1.9138869124334146,0.05580577637905258,-0.614741319400753,-0.8887312241331036,-1.6670941614288204,0.15160254489035596,2.8225966445198556
-1.1123738794640194,-5.418999811102503,-2.796695990544277,1.5807358729618866,1.471927264444819,0.3223334107487585,3.7321801961100016,6.725766128749503,-4.408620757830173,-2.7024487692804917
1.4636329155814993,4.917277025722015,-1.7348538088593828,-1.0681432312977732,-3.4699512378903967,-2.8931023869938914,4.307165434395197,-0.24277584101847835,1.0493542401564977,-2.2178624883853324
2.303864382645951,0.12528439594757562,-1.8458301582263614,-6.558546354449385,0.13129220916206577,3.2889846892513717,2.3646302669248063,-0.7049588518777634,-2.945367462000191,1.560866198026567
4.8117049546530595,0.9088777213146716,-0.7274570739572325,-2.42614940317437,-0.42685496074503765,-3.93635665518865,-2.007741834463221,2.405744238596705,5.8732380522663155,1.0592941596808612
-0.5698474062970594,-3.089352526962926,1.3787579785678528,-0.3657361347106922,2.279314997192101,-2.3969300697944167,0.3545660255158239,-4.309378668667226,-1.5317165263834822,1.0751851468997076
0.9892820357295465,-1.4744174352605117,-2.1823117019659497,-1.3710887048259461,2.056232246785093,-2.661134700154977,-0.5515470990646512,-1.3872203880841734,-0.4185427243994508,-1.266588712791549
-4.916910965177993,-1.4160204328953285,-4.045202312162273,-3.991425661558921,8.086743229819582,1.6867670416946305,4.251766662850748,1.4710835903866055,0.061899093788762634,-0.024110742972005637
-1.5525871848867863,-5.4746111839752984,-3.1269460945189804,5.1416842675990395,1.1635546981223095,-2.717857706773144,-5.057291570777434,0.22766942015137237,-0.36789964607266906,5.00873328300122
-1.4467889376354837,1.986196856377031,5.131297757791266,4.549648577593664,-2.2432446845817333,3.89173727578859,-0.5498031508548905,-4.2564195089264585,-3.879810836308425,-1.904795853121469
0.5031176448782474,0.779397869339731,1.683350216869937,0.7454071672848644,1.8232683387787567,3.3892365095302566,1.7320199866899062,2.854651915476102,-2.0659668362619636,-2.6670152574548354
2.6798309878481055,-3.959814644741186,3.8936402538012196,-4.905053310020402,-3.9090263226328106,2.8654561452674256,-0.31685943574741193,-2.078299276231341,-1.16153084989175,3.9493999790790477
-5.217086407572864,0.4789355511197004,3.2023355893586793,-0.2880573522519617,3.146281431183393,-2.592949053412881,-5.454113804837823,-6.573073207621017,-2.0736930360569166,1.228527289156674
5.065595189247896,10.999288412032882,13.450573177128446,-8.391855865695687,-4.574612884262283,1.0989784496868484,-1.800178816907629,-6.013441900013058,-1.4012695367736925,-4.459925980034892
-1.3845100979098417,-3.773066872420195,-2.200132353473416,-3.7854312359515268,-0.42834728841247083,0.8140754998443545,-1.43639994522579,-0.005097754606208883,-2.365359749459197,-0.4134768883284432
-2.04310064259103,2.538364972192073,4.951879623448309,1.4169637802423063,-1.477713076510963,-1.0870324867446377,-1.692035413109455,5.988814936090361,2.4682162214989045,4.48900541510496
2.6036118304983296,-3.0562481873525917,-3.5588707247013587,0.3854834654897815,0.3291980638777211,-2.7027431213268587,-1.10192335632151,-1.0548701196082289,-1.1647062191970583,-2.5096765919526454
-7.322883428199797,-4.602996610573518,8.22473409224105,-6.245402591987014,-4.567361264096439,-3.1996383359216654,-6.131568118278262,3.006823200079852,-1.4130840345561568,5.559746523960265
-1.2453591436781317,-1.11712171292501,0.14921300598785123,-1.0751003650082687,0.37239706946086465,-3.487360042985264,1.1653635874961426,-2.7723978463259544,-1.7021652575027888,3.1694761998703855
-0.7274804250139342,-0.9451600290994424,-2.4137869977325237,0.6669663511872053,2.9275641261181216,-2.7808062483262974,0.530642115608882,-2.2200269105905965,-1.6267055323477364,-0.22218201560485998
-0.663534869616247,3.5393116623989656,0.465761340398682,-2.7104632952435255,-0.9825888070981262,-0.21559451116694084,4.246306300968933,-1.6798070654839172,3.353036567757675,-3.1483053444675413
0.6074425467220781,2.16975836058282,-0.39038354358459665,2.882866220304826,-2.302425834382173,-0.20258637169646498,-2.4178017103657314,2.3839426126274534,3.5304104497051427,1.0436739432494975
0.20386224299864183,1.58481501844735,-0.41538162506101495,-3.2115128219762004,0.30174884812907843,4.634108230789634,-0.4507202067903515,3.35638103342815,2.72241315401614,1.6883206273266755
-5.026165807825228,3.8154407357148283,-6.145174006299163,-17.68605639660303,-2.80008363992211,10.564913165729072,4.613051132608329,-2.3427344231215987,0.8998214303156581,-16.16660985732419
6.1314832661435466,-7.283594308652434,4.017661442809902,-0.09491480926046933,17.99484874930644,-2.971262350302925,-8.563928069842342,0.3150294420811834,-14.526055031722649,1.2306409968822984
5.009211821369062,0.5196325691501398,-0.42886004023131724,3.524152302514868,0.8468056751273783,1.9012547651397926,-2.6624499793300993,3.2344181397563876,0.09377479665210184,0.07446027144673677
0.9085394743785842,1.5573544257582386,4.538528420261061,-0.8271922122592867,0.25952751822315134,2.7578805734538565,0.6557611737232447,1.9031151323527553,0.9454149752865592,-1.678340943252711
5.336196968892812,0.7972873868823371,5.997588795078877,10.541425705085583,2.4416762399108496,-4.495977074641676,-3.788985927395381,-5.84089261877052,-2.386948829925686,-2.313282508560124
-1.289272020177378,-4.942929280939686,-3.197470697603958,7.9131737770213695,1.1137511959837285,-1.1117726029943005,-3.615830028076234,-3.0790446611361975,1.315806370480209,5.72237200847909
-0.37508296072259334,3.7763081617009675,2.7046926990942586,-3.3998846532725615,-4.3779366152795145,-0.6130529699120718,-6.52326971173254,-2.7130891462631817,-2.6582936429052855,5.4885685970030575
-0.7960713405329906,-1.2469832128495,-0.2606174383218235,1.6740062455031994,-4.698301025310356,1.4709427975040936,5.362492813314553,1.6878043865507184,-0.717177994061823,0.000546284780609803
-1.22669020833121,1.2063883245466596,-0.6899513443080714,-1.3225478736821104,-0.05492071892628676,-3.9130446868501725,3.0613833593749966,-2.411487629056699,0.9452031211260877,-2.4587535544957895
1.6257446339124504,-0.2539291308668661,-1.0520183903612594,0.5388124170915268,-2.5241862168004823,-0.34346238797703754,-0.849270593873403,3.3245158162324393,1.8449289971459657,-0.7129010416176818
0.5493305949288886,-1.288732385583018,0.8111101372959112,-6.226635898472289,-0.7254329986423926,3.5678737164074428,2.670112834401486,4.727252449419986,-3.253436280029759,1.5102604812344376
2.6280206236981516,0.9474355515623595,2.134623400136534,0.39213826582395317,-0.4276537073831809,-2.362206462357447,3.069235583438756,-1.172342775606779,-2.123763949581482,-1.04689618620495
1.5533824764828392,4.838819068641358,-3.7793436149172583,-2.9255606305134916,-3.840446546414922,3.471019757541152,0.7253038060323466,0.749853512579858,1.1711120158585269,-0.9386273900983432
4.14064503472012,5.334786316900831,13.286922389458121,-5.9348387966388705,7.462997476738416,-3.750451641906572,6.226309408006089,-5.840167818207816,-10.46874342493334,5.539004074139989
0.4917878851539154,0.9522393698957904,1.1653085542289738,-1.3773697657962718,0.6520923534401003,-0.6634166440713438,1.1091739618905898,0.5505798654237364,2.7249696421311493,-0.22495290827472883
0.15000638882100215,1.839167694660693,-1.4970455898635846,-1.6420579544793887,-1.1011206946236665,-1.308884783043168,3.591762784956393,1.6551311221387333,-0.7039320443353726,-3.065584604032024
1.6303197612378053,-0.4812309652629701,4.643920424231763,-0.555416433605916,-4.457572134967696,-0.5429122641214537,2.378287279348369,2.091706720111831,-2.1043969466976478,0.5470199327394138
0.4137168235144476,-1.9020752513731543,-0.5580044439378895,-1.5814345758436155,1.9599509181839738,1.7669045162875163,1.087498926096314,-7.012449984904442,3.3195113162829353,3.621468396877184
-9.487109445021309,-0.5483354333075929,4.130360961793563,-1.8849758495503974,-0.2755711869603236,0.27948506688998725,6.99091637578173,2.3728143580929415,-3.6012197162857182,9.25300543972052
1.1788369418977,1.2547764636424297,-3.181114519494504,-5.914354567012014,-6.055196467136273,-1.1222886663004739,1.3216744106014353,6.93290731057919,2.37376073788076,1.7710654384265079
4.542226018128588,8.313498656597408,-5.630208518145847,-9.2754088896734,2.6961063475126448,-2.989098356863283,11.98237856740253,5.902153712000557,-2.4412104582907457,3.869745541435975
0.2010982814791502,7.5364948712855435,2.574536167573508,1.530992056879052,-2.2121286906030773,-4.399188805722772,-2.5883301599465574,-1.9302965856681222,3.0133659015200944,-0.888017559280133
-1.484365821235872,0.4002273946842779,0.6554568121232097,-0.8849984728579228,1.9361176948531655,1.8552922855649314,0.626655373401854,0.49092695345514553,0.9298812284135225,0.5374017903419246
4.704843095000615,7.390977675606241,0.9475214417512571,-1.0849023641516577,1.5071327580231606,-2.106232061136055,5.475258114618472,-5.4732346902624,11.248885732856122,-5.7939843594706915
1.0588521425939617,0.6596811466963325,-0.6485720986004855,-5.039628488298267,-0.3814109445548129,3.8554755924361803,0.8326227205452583,2.9062946840583654,-0.21123907196743893,-0.15999638210697245
1.987180645884507,2.1738102333884024,0.6707291903480991,-3.565399789660063,-1.0849991346724268,1.815421161299507,1.6543129552170575,1.314670328977927,0.041947585424862786,0.9732803201579153
-0.5848741642617721,2.9157072861152873,3.7407604026597827,4.434545606034078,-4.022557641232194,6.155011154855524,8.54575570502646,2.360879069818224,0.4531216132574019,0.2513680973731331
2.4838875919788763,-1.4946822162020867,-3.034005314206253,-0.4100524216869238,-0.1579371926740293,-2.073618610375786,0.09005881433931935,-0.44888675791552496,-2.4491366013634326,-0.5680485127143108
3.43010385608543,1.6793320549938768,3.4078310011822404,-1.0603143001251485,-0.06714995575121878,-0.2925572230734655,0.8121179909076706,0.3157327892663125,0.22447026245956006,-0.5819724083231369
1.8488024751925336,2.3558462931834168,3.336503104014381,0.2728606166989312,-0.7840805774041536,3.10653288201907,-3.955277519200835,-1.508217394765112,2.8833135071909535,0.5611158582330765
-7.783426096815721,-4.028145525986588,4.710280677327241,-4.2278914047408955,0.26022179010101815,-3.771126891787488,-7.094763033479011,-1.8926687992044178,-3.491799388825683,1.2304903894469454
3.153403367468373,-3.0553115253410037,2.0551679390011413,-1.6389171320686198,-0.5869703965788917,-2.7368215865127006,1.5909034621887932,-0.836490730735062,-0.7327002393320083,-2.160982501980675
-0.6893160888964136,-1.1749115967472876,2.397733863378154,4.600909385241678,-3.529660730300055,-0.07246027363740618,1.1307417810622455,-1.6078783586453496,0.20113149692152105,2.288139928757125
-1.8939558757534434,-0.7554639663167093,-1.0029187823060168,-2.5173428041528187,2.6361122120231966,-0.16800457607751768,-1.7997610313458574,2.9701132583196275,-0.21564558186435634,-3.9068802606407598
-4.935467485405451,-8.256560610796452,1.764491795501266,6.909918840851281,12.963860304347099,14.47714900367026,7.1148546577056715,-0.029075277848156382,3.8709036346128642,-8.386604556112893
-0.41508084239670034,-2.1797949713709315,1.4784171542894609,1.5326357211738606,0.4924605100359471,0.637874144257902,-3.960266855626042,-1.450026509292017,-5.843781134669361,-1.8162077481039296
-0.352010565955401,-2.348242121344773,1.7483952234097278,1.3605968620504563,0.32924975496513537,-0.042512061350970964,-3.7794359760318805,-1.2999084766174078,-5.640032687858099,-1.8702192930120725
-4.201810367383419,3.461326866800765,-9.747680062337498,-13.899293087872033,5.992817547471012,9.710931050308284,-0.041167873574541984,-14.31865846443666,1.0956118871771725,-5.171183796320815
-4.16872423188982,-7.912695453270821,1.4115601164715261,1.2137568572724737,3.7305771989231085,6.4156844470089744,5.514733443424334,1.4050891578471516,5.184007447067843,5.630945249349767
5.139829184592301,4.209429423687092,-1.4409128902560207,5.37809946654759,-4.363221593660482,2.622772490360772,4.279452034188812,-0.6370781639838002,3.246647180104926,4.38765868810137
1.1066136424768147,1.3358292132920628,-0.7671337709631436,1.10696628095973,-1.3802850165122311,-8.92967605683436,-3.8523029021632103,1.3284341815558691,1.2000900744749814,-4.673289291769608
0.2992918226881105,2.041181856565368,-1.7451099883351762,4.005232413343472,-2.9456902692283733,-0.8894480975037287,3.870264056831637,1.0671250980189035,4.484070145411753,-2.4989629276710605
2.2060592187861943,6.985962785917351,8.570290295906037,1.9637320201529727,-6.00129469207547,-1.4867833954829541,4.055807494795688,4.954550561376814,-11.767541315794693,1.3007328854809452
-4.311627402706117,1.130313233924458,-4.918825352859127,-3.0598865168424,9.52503285646045,3.7059047040667954,2.2772764262807192,1.0660521851190676,-1.7323005307455788,-0.09271736621022632
2.116020084002283,0.29160814739825475,4.240179731013364,-0.6990091729510528,-2.7915067765850576,-0.15642564820161978,0.09889233135630646,0.19238219692992434,-1.278439399284042,1.3422897685610498
2.7100633552869438,2.0530905789551994,0.4483649974061722,-2.056434464255572,-0.3937440458071752,0.31105736296547226,-0.786988234646473,1.9892116983399277,3.269954750365977,-0.8024859978571101
2.2588264803764213,1.3428456114942848,2.944004378803551,0.12832173847942427,-2.3638331541872204,-0.7695489176477291,-3.738355069360415,-3.240934108321874,1.7748780519101455,2.2335060800484983
0.2491494012996261,6.265503197647494,-2.4612556133848775,-5.638968408232982,-6.193535393286251,1.0591209321800812,-4.544722272177072,5.203232472284323,6.588240390112194,-2.8127467198576643
-4.615749916974549,3.6043488000876174,-1.7024391828944736,2.43328425093529,-5.855987433317009,1.523487834230208,12.325014350841254,-8.409031389481468,-4.346435854447844,2.2556343994959906
9.344832505179701,-2.568201725989708,-1.0956339711861722,-7.039990029427616,-1.1977169255978608,-0.007052924104852447,5.631288582700465,0.5051878839169867,11.515350974111762,9.066751395617219
-0.5225834665837623,-3.330087579849886,1.4055658612500257,-1.817048874080419,1.583020056138444,-0.7293821361944799,0.7053180250649824,-2.758299129337249,-2.9687299225453314,1.0793513279576468
0.2892100554253356,-0.16831428325017836,0.500767837095168,-0.3403991488806362,2.7147431568416738,-0.1604347848258662,1.9346546538782516,-0.5319760594693376,-0.752223413882884,-0.18243231250036682
-0.4642759341203248,-1.487427429917157,0.5987830110871891,-2.3302640864277615,0.8622504425828869,0.7172438528436441,0.5018866563872807,-0.6488986991645412,-0.3679597193882412,0.7974596922497661
-3.0369893408544932,0.06691709462688086,-4.663917595715589,2.269435552454587,-5.424933749298869,-4.621901900211557,-0.8653358259065204,1.0734498849558223,5.162838237229812,3.187316157535343
2.666897779518661,0.7581079787868669,-0.11112464445302656,-1.3629310532916714,5.00161619326198,4.022804393512523,-1.756841240686644,2.098596345336188,1.2420094282516725,-2.719452935404068
-2.0205450121056105,8.38340885590443,-3.019540709759771,-3.688961115874805,-5.151275769738911,2.66307599224244,-1.0221193857072697,3.7627712507731768,5.518229288209418,-3.4003623706853063
2.184425403547866,2.6231026410808003,-3.3752000615134037,-3.9533794374344677,-4.480499569172511,-0.9917752179237749,0.2508857457834261,4.670470153603115,0.7417212684707969,4.314511168359699
2.9895995201449783,-0.7663674120948165,-2.0710069744388075,-3.890734730346041,-1.8525552386017778,-3.580989966871617,-1.0334949454878295,0.9776676475905346,1.0205601920916079,1.4157818821149761
0.6846247452662383,1.72784501495168,3.7849782263062557,0.16973114272587783,-1.2097016107668683,0.1001799204737843,1.249204455273372,2.7158829750463167,-0.8130566109474833,-1.3230723619052003
4.457974306436657,1.3175928106185868,-2.404628362211742,-1.954526210481121,-2.7715710778158424,1.4834351830398935,-0.893622488338805,3.4163364979733464,0.7967614541924661,-0.5102077549249829
1.0347912642199129,-3.68311202818773,-0.5838934889972793,2.4658559135016094,0.24397796394101554,-2.8277996401832253,-1.1215547084617357,0.38453263101236507,-1.2836625668716295,0.02276701383071483
-0.1998378265425575,7.375627272058803,-1.051822102473623,-3.812625473072848,-5.629647088737027,1.2005447195491388,-0.9267518268426614,1.441380894757585,4.58430291398156,-4.903141658650475
-0.9415953892321098,2.290938347619942,-1.2137404772553255,-3.3700283127552075,-1.1889671801691826,3.113009393115976,-0.2316671475798876,2.832372159377139,0.30556173830807104,0.37077691870374274
-0.31944263487016644,2.926260315607915,-0.7874631373471784,-3.5468476815774457,-2.338072159865459,3.726187932487644,-0.45659178323650257,4.451461146133206,0.7668686495309213,1.1478596999751225
2.39071924431669,4.25549188108145,1.3127092047785236,-0.9510148781089921,1.7555307245958751,4.5684058043279245,2.552181836650555,-0.5521753715037855,2.5907807277083394,-1.2585117434505146
-0.6894334965857161,-1.1100428037261232,0.0656295706692308,-5.975007084514566,-3.094480938955735,2.143349512032248,2.291165677185851,4.273448796245785,-1.0990661976454252,0.28214902955130783
-3.9268602783279123,0.07075680715261286,-1.2395219784074587,1.704306896766718,4.478901248640128,-2.540875070588282,1.4872173591425808,-2.891639723696998,1.5150705491136052,1.7340000753580627
-1.0066650158933,2.947700542082192,-2.591642724414016,-5.611908615262382,-2.622784834357059,-2.718730208080169,1.886181974702206,1.1415378465096662,1.3274185922951494,1.7940103582355773
5.377999669324202,2.384882636660105,-1.9168367335451764,5.389620412016922,-4.713907306352925,-0.4450969721488332,3.0774036617723506,-3.717898503847948,1.0995483114634113,4.222944671257725
3.3293389397858544,-2.3541941686616097,12.217990223718626,-5.812409730320448,1.860036453970038,-7.269216190881936,8.415223278583149,-0.8560703335731865,6.6835330724255755,3.346615420601239
-0.5889039724714131,-1.4278526490664634,1.3112999716869727,4.099704081852707,0.16224530107676316,-2.8724348924190974,-0.9787608876328981,-0.1216909365770361,2.139143122906137,0.2214466530829808
-0.46690138172706225,4.818140020248152,6.379390427621517,5.124600155818648,-1.843472868227325,8.233691551713212,-0.937657613625455,-3.4779990980621807,-4.379162242041856,0.3669247799036417
-0.11586538143662488,5.335403263684056,2.353340301556777,1.2865743299551278,-0.18509471659083027,4.170495143896793,3.520119143999269,0.14018386514278328,1.6718040024067595,0.09949031708490683
-2.709379901235667,2.0433780753497714,-1.8359578085045392,1.5435347367453651,5.0314207276574425,1.823028257908901,5.034106023515006,-0.4690626201102663,0.5687697558425225,5.547118760467945
1.9421863461978923,0.9527487541645848,-3.762236924766184,-1.5636682828885222,10.1979515222782,3.462398135231376,-1.0716528026078105,-0.2532732840885829,-3.03743723681212,-3.154545438187294
2.0183313546069375,4.483462865328803,-1.6838113905948884,4.7071680047258075,1.8079887640238865,4.031223726469278,-3.4452409370208223,-0.5679925552283773,3.9839564239189333,-1.6015499433510532
-1.2846164635154804,-2.2080303287210983,2.102347853368639,0.25724115664230573,-1.2200418528534143,-3.73332676256573,1.254960285505691,0.7481876765454818,0.32010537332422695,3.1877771401013604
-7.143218097038801,-5.771207833678407,7.5745679085818045,3.3108739805809435,1.8142904522881276,-0.4574480812404156,1.5799525754753192,-7.733109119087724,-7.256974426927037,9.19445856864328
1.1021787383347033,3.6888809148304684,-3.7713123322963056,-2.338618047458127,-5.690462030507195,3.6211233237504254,-0.1570058380444139,0.4009105125502054,-1.1071346107160198,1.3166209105998985
3.265501933563407,2.6806016343836574,4.423728620289606,-1.752746063565012,-4.103551884731497,-0.023159067155070687,1.7662831139197241,2.98208652019432,1.0327579267487788,1.5768921124848296
-2.1844819334428363,-1.2390872249410738,2.5425337193372877,-1.5825109368114931,-0.5623738858311931,1.177090227479389,1.2105319163960893,1.2051140301964263,0.25820998876992235,0.2595857458197445
0.4961712710396295,2.493822868899629,-2.9615440580471586,6.039902131250464,2.993712990134498,0.2616167664002989,-4.30689186672065,-2.7596663575376534,3.9344730124516345,-3.6466725492808054
-2.1130254577897682,-1.8149180296808904,-2.260919726550981,2.541221903890619,-5.528771164185554,-4.415263728044398,-13.005089803352776,6.705226201348048,4.347257429515944,-2.9832781628492375
-3.4923984601886007,-1.5854350902302072,-4.456194246026667,-3.446695476846686,10.418822497294387,-0.3550262413390233,1.880341120784981,-2.6592786545597735,-1.3660457988761938,0.6696602732278452
-1.7790239476537875,2.096083896797855,0.004855992189435586,2.979415627533529,1.2724027276025862,-4.966314293628959,-2.3802953486437017,-5.561554397137846,-3.204861606661217,-2.3775760049493453
-0.8061502335999882,-1.6875565296365813,-0.6367318657143372,-2.9510595628612113,3.597311999289648,-2.8906188086805447,2.2183678005201064,1.923811146419568,-0.023016208112949466,-3.0926010177501717
4.362777108344089,1.6466431411728104,5.403962912042076,0.18034806976404008,-2.8108215120190225,3.532612129551694,-3.4836178475526114,5.480797000951475,-4.938842632338089,-1.3839652702780674
-0.030174979128834815,-2.8863570146885387,-1.6425037917208958,3.21057532708092,0.46738410860236285,-2.3824085242543083,-0.7766050144581619,0.8857390134051247,-4.746645338592131,-1.0309331332805372
4.830229213858203,4.213212910798599,-4.726959860956157,-11.056872097873576,3.2114016915236956,-6.204477236547042,2.3393241933194253,8.743023268997447,-11.082997614029729,-12.681843675731143
-1.927795884784479,-1.0196584634297448,-0.8920519490185357,2.7415664661013417,-1.1238135401024496,2.5643040460166278,-0.4883433014134933,2.218285614441207,0.5876479355599111,-1.4377152737416155
-0.3386752606488312,2.972616480843247,3.215473948727281,-0.4993275114421951,-0.7029690664232476,0.23171065085590123,-6.24055091725871,-0.1371061303342632,3.128070044971292,2.490026813663973
2.896172355592896,-2.2863865614378223,-0.9390945796391028,-1.2439134384838646,-3.0163373127978637,-3.3137939747080254,2.9272709546723976,-6.221905545068505,2.178081851554847,4.050536943218269
-1.661669680215238,0.2853429638571131,-3.789932445439821,-4.900570197509758,0.9828615878512784,-5.74514631528455,1.3794469645921583,-2.1681479779693107,-3.510822362588162,-1.8411599380136183
-1.716512752748991,0.34652943737962155,-5.4832534107438144,7.109944802328473,0.23501411477524223,-1.178856420545571,1.7192651105747165,-2.1908980873872164,-7.212823351444806,2.590104134680427
3.1492488409954884,-1.888956514644527,-4.086290004725629,-1.1222625638473929,-0.34667493464129984,-0.6821135915732269,-1.8754138842228305,-0.43649484681198375,-0.10933210488277786,-1.7685784884398312
8.344157968674995,-3.8569130845483874,-7.730525180651286,-4.39052506343891,-1.0188409035115358,1.9648566669814362,2.087387400464072,0.5211466497310859,-7.1144106650821435,6.430423710414211
1.992438765107606,8.58716696481487,-8.992091040136687,-1.1420809879120193,-7.444369869210077,4.155256855624369,7.413299113492003,-2.5522192007492532,-12.330459002807867,5.4416271900837
3.4903434983062414,4.630870457803375,2.638414726359441,5.534808151886065,7.484640741007887,3.647033239202695,2.7960370381021282,-1.6650901254347779,-3.700164429434969,3.3106088154446542
-0.8860768469506114,0.7319774850497346,2.606011522035098,-2.4725579421502952,0.8878511662553674,-1.7373280659419958,2.50188826477308,0.2323987592302074,2.229949017737648,3.256931259120715
-3.64877486369692,-8.711567951174214,-6.15061440117755,9.097591770144378,2.2330282046416636,-5.449405752848676,0.28546435916722823,-0.03985446849300692,-4.458227354909402,-7.163859667566402
-1.7224850183077423,1.052591118908353,1.327953020038709,5.177479948517495,-7.91581014376216,5.545157983623102,10.269877279582788,-2.25289960461832,-2.1429576571203865,5.606525566957054
-1.0645200039338942,1.0587963368016666,-7.013589662266572,-2.655923591877677,-5.540560771284561,6.240268699918727,-0.9771376698255523,1.632432404331333,-3.7355349329466625,-9.398409028563853
1.3530622782964923,0.833932486313917,-4.9570371733150465,-19.368797011819325,1.4099699360123736,-3.4009800028887724,0.8672905263985833,-3.7443282563045095,-5.593794164246473,2.942017894538615
1.8361270656412596,-0.22751622456240198,0.9797220620470318,3.042569694318427,-0.25929199526124114,-2.1525469708581815,-1.825364964080418,-2.1031265843404583,1.311496357050016,1.5070725904877569
0.020058268192330652,-0.7052592985731897,-0.8245127457933615,2.822470339078266,0.2833653763716341,-2.841230611412336,-2.089250199913228,0.5329617017350247,-1.0239393311208123,-0.8027435771547554
-1.515600148261482,1.4508993816870868,2.8696565482767853,9.062363008668383,-0.3842192866787705,5.399727567805661,-7.49110434900146,-1.3667351640420988,-4.620011760414002,0.3181826639597262
0.7085506493776021,-0.31671027125042,-0.24162073362410513,-0.16550422561604916,-2.3358855024904854,-3.045957515988689,-1.4091539757925688,3.6411354054575003,-0.29518932015712207,-0.2100012743159406
0.6661889280913843,2.199196091779835,-3.4801750260144675,-7.107965053749553,-4.672266279996283,0.4123009131584196,0.7083828624818741,2.0195295078691493,-0.39049116880186663,0.5728025806682027
-3.226856280604171,-1.0301963943427013,0.9142059277905041,0.3616193693133753,-1.2444112415640614,0.30045673492289354,-0.08152942143685687,6.4846591619367455,1.268517922545059,0.9999550547078863
0.11268285324296672,1.624915126972645,-0.3233271464945077,-1.7879303531039177,2.438631494366771,0.11391186024736918,0.6214161113618054,3.3707003873422416,-0.24398018748242367,-0.21124663953742445
-0.7944473139674664,3.6017582950597746,-2.154159316616683,-0.779979115359047,2.341444562169636,1.7962719877915398,-0.3571039509370033,4.516249457932458,1.918129953858288,-0.895871343483067
2.780169590652626,8.74608071535463,0.7422702642653773,-1.8614035702841298,1.4114299375857244,0.3121794389833828,4.424263960510547,-5.120341241902192,11.059380120330069,-6.28932925975074
0.681860345568856,0.847232466515337,0.31188036256791923,-7.362813897514822,0.829975619049199,8.387164403622998,-2.7017724353440316,2.9877436162758158,-6.639027309720908,-3.6941158396936493
